Country Name,Country Code,Series Name,Series Code,2009 [YR2009],2010 [YR2010],2011 [YR2011],2012 [YR2012],2019 [YR2019],2020 [YR2020],2021 [YR2021]
Afghanistan,AFG,Diabetes prevalence (% of population ages 20 to 79),SH.STA.DIAB.ZS,..,..,7.6,..,..,..,10.9
Albania,ALB,Diabetes prevalence (% of population ages 20 to 79),SH.STA.DIAB.ZS,..,..,2.8,..,..,..,10.2
Algeria,DZA,Diabetes prevalence (% of population ages 20 to 79),SH.STA.DIAB.ZS,..,..,7,..,..,..,7.1
American Samoa,ASM,Diabetes prevalence (% of population ages 20 to 79),SH.STA.DIAB.ZS,..,..,..,..,..,..,20.3
Andorra,AND,Diabetes prevalence (% of population ages 20 to 79),SH.STA.DIAB.ZS,..,..,5.4,..,..,..,9.7
Angola,AGO,Diabetes prevalence (% of population ages 20 to 79),SH.STA.DIAB.ZS,..,..,2.9,..,..,..,4.6
Antigua and Barbuda,ATG,Diabetes prevalence (% of population ages 20 to 79),SH.STA.DIAB.ZS,..,..,12.5,..,..,..,11.7
Argentina,ARG,Diabetes prevalence (% of population ages 20 to 79),SH.STA.DIAB.ZS,..,..,5.5,..,..,..,5.4
Armenia,ARM,Diabetes prevalence (% of population ages 20 to 79),SH.STA.DIAB.ZS,..,..,8.5,..,..,..,5.6
Aruba,ABW,Diabetes prevalence (% of population ages 20 to 79),SH.STA.DIAB.ZS,..,..,12.4,..,..,..,4.3
Australia,AUS,Diabetes prevalence (% of population ages 20 to 79),SH.STA.DIAB.ZS,..,..,6.6,..,..,..,6.4
Austria,AUT,Diabetes prevalence (% of population ages 20 to 79),SH.STA.DIAB.ZS,..,..,6.6,..,..,..,4.6
Azerbaijan,AZE,Diabetes prevalence (% of population ages 20 to 79),SH.STA.DIAB.ZS,..,..,2.8,..,..,..,5.6
"Bahamas, The",BHS,Diabetes prevalence (% of population ages 20 to 79),SH.STA.DIAB.ZS,..,..,12.1,..,..,..,8.8
Bahrain,BHR,Diabetes prevalence (% of population ages 20 to 79),SH.STA.DIAB.ZS,..,..,19.5,..,..,..,11.3
Bangladesh,BGD,Diabetes prevalence (% of population ages 20 to 79),SH.STA.DIAB.ZS,..,..,10.5,..,..,..,14.2
Barbados,BRB,Diabetes prevalence (% of population ages 20 to 79),SH.STA.DIAB.ZS,..,..,12.4,..,..,..,14
Belarus,BLR,Diabetes prevalence (% of population ages 20 to 79),SH.STA.DIAB.ZS,..,..,8,..,..,..,5.6
Belgium,BEL,Diabetes prevalence (% of population ages 20 to 79),SH.STA.DIAB.ZS,..,..,4.8,..,..,..,3.6
Belize,BLZ,Diabetes prevalence (% of population ages 20 to 79),SH.STA.DIAB.ZS,..,..,17,..,..,..,14.5
Benin,BEN,Diabetes prevalence (% of population ages 20 to 79),SH.STA.DIAB.ZS,..,..,2,..,..,..,1.1
Bermuda,BMU,Diabetes prevalence (% of population ages 20 to 79),SH.STA.DIAB.ZS,..,..,12,..,..,..,13
Bhutan,BTN,Diabetes prevalence (% of population ages 20 to 79),SH.STA.DIAB.ZS,..,..,5.7,..,..,..,10.4
Bolivia,BOL,Diabetes prevalence (% of population ages 20 to 79),SH.STA.DIAB.ZS,..,..,6.6,..,..,..,5.5
Bosnia and Herzegovina,BIH,Diabetes prevalence (% of population ages 20 to 79),SH.STA.DIAB.ZS,..,..,7.5,..,..,..,9.1
Botswana,BWA,Diabetes prevalence (% of population ages 20 to 79),SH.STA.DIAB.ZS,..,..,10.8,..,..,..,5.2
Brazil,BRA,Diabetes prevalence (% of population ages 20 to 79),SH.STA.DIAB.ZS,..,..,10.1,..,..,..,8.8
British Virgin Islands,VGB,Diabetes prevalence (% of population ages 20 to 79),SH.STA.DIAB.ZS,..,..,8.6,..,..,..,8.7
Brunei Darussalam,BRN,Diabetes prevalence (% of population ages 20 to 79),SH.STA.DIAB.ZS,..,..,9.4,..,..,..,11.1
Bulgaria,BGR,Diabetes prevalence (% of population ages 20 to 79),SH.STA.DIAB.ZS,..,..,6.7,..,..,..,7.4
Burkina Faso,BFA,Diabetes prevalence (% of population ages 20 to 79),SH.STA.DIAB.ZS,..,..,3,..,..,..,2.1
Burundi,BDI,Diabetes prevalence (% of population ages 20 to 79),SH.STA.DIAB.ZS,..,..,2.7,..,..,..,6.5
Cabo Verde,CPV,Diabetes prevalence (% of population ages 20 to 79),SH.STA.DIAB.ZS,..,..,5.4,..,..,..,2.1
Cambodia,KHM,Diabetes prevalence (% of population ages 20 to 79),SH.STA.DIAB.ZS,..,..,2.9,..,..,..,7.3
Cameroon,CMR,Diabetes prevalence (% of population ages 20 to 79),SH.STA.DIAB.ZS,..,..,6.1,..,..,..,5.5
Canada,CAN,Diabetes prevalence (% of population ages 20 to 79),SH.STA.DIAB.ZS,..,..,8.4,..,..,..,7.7
Cayman Islands,CYM,Diabetes prevalence (% of population ages 20 to 79),SH.STA.DIAB.ZS,..,..,12,..,..,..,13
Central African Republic,CAF,Diabetes prevalence (% of population ages 20 to 79),SH.STA.DIAB.ZS,..,..,3.2,..,..,..,5.8
Chad,TCD,Diabetes prevalence (% of population ages 20 to 79),SH.STA.DIAB.ZS,..,..,3.9,..,..,..,5.8
Channel Islands,CHI,Diabetes prevalence (% of population ages 20 to 79),SH.STA.DIAB.ZS,..,..,4.9,..,..,..,6.3
Chile,CHL,Diabetes prevalence (% of population ages 20 to 79),SH.STA.DIAB.ZS,..,..,9.5,..,..,..,10.8
China,CHN,Diabetes prevalence (% of population ages 20 to 79),SH.STA.DIAB.ZS,..,..,8.8,..,..,..,10.6
Colombia,COL,Diabetes prevalence (% of population ages 20 to 79),SH.STA.DIAB.ZS,..,..,9.8,..,..,..,8.3
Comoros,COM,Diabetes prevalence (% of population ages 20 to 79),SH.STA.DIAB.ZS,..,..,8.4,..,..,..,11.7
"Congo, Dem. Rep.",COD,Diabetes prevalence (% of population ages 20 to 79),SH.STA.DIAB.ZS,..,..,3.1,..,..,..,5.8
"Congo, Rep.",COG,Diabetes prevalence (% of population ages 20 to 79),SH.STA.DIAB.ZS,..,..,5.5,..,..,..,5.5
Costa Rica,CRI,Diabetes prevalence (% of population ages 20 to 79),SH.STA.DIAB.ZS,..,..,9.6,..,..,..,8.8
Cote d'Ivoire,CIV,Diabetes prevalence (% of population ages 20 to 79),SH.STA.DIAB.ZS,..,..,4.9,..,..,..,2.1
Croatia,HRV,Diabetes prevalence (% of population ages 20 to 79),SH.STA.DIAB.ZS,..,..,5.2,..,..,..,4.8
Cuba,CUB,Diabetes prevalence (% of population ages 20 to 79),SH.STA.DIAB.ZS,..,..,9.4,..,..,..,7.6
Curacao,CUW,Diabetes prevalence (% of population ages 20 to 79),SH.STA.DIAB.ZS,..,..,..,..,..,..,11.7
Cyprus,CYP,Diabetes prevalence (% of population ages 20 to 79),SH.STA.DIAB.ZS,..,..,9.3,..,..,..,8.6
Czech Republic,CZE,Diabetes prevalence (% of population ages 20 to 79),SH.STA.DIAB.ZS,..,..,5.3,..,..,..,7.1
Denmark,DNK,Diabetes prevalence (% of population ages 20 to 79),SH.STA.DIAB.ZS,..,..,5.6,..,..,..,5.3
Djibouti,DJI,Diabetes prevalence (% of population ages 20 to 79),SH.STA.DIAB.ZS,..,..,6.3,..,..,..,7.4
Dominica,DMA,Diabetes prevalence (% of population ages 20 to 79),SH.STA.DIAB.ZS,..,..,8.9,..,..,..,11.7
Dominican Republic,DOM,Diabetes prevalence (% of population ages 20 to 79),SH.STA.DIAB.ZS,..,..,8.1,..,..,..,10.5
Ecuador,ECU,Diabetes prevalence (% of population ages 20 to 79),SH.STA.DIAB.ZS,..,..,6.6,..,..,..,4.4
"Egypt, Arab Rep.",EGY,Diabetes prevalence (% of population ages 20 to 79),SH.STA.DIAB.ZS,..,..,16.6,..,..,..,20.9
El Salvador,SLV,Diabetes prevalence (% of population ages 20 to 79),SH.STA.DIAB.ZS,..,..,9.4,..,..,..,6.3
Equatorial Guinea,GNQ,Diabetes prevalence (% of population ages 20 to 79),SH.STA.DIAB.ZS,..,..,4.2,..,..,..,5.5
Eritrea,ERI,Diabetes prevalence (% of population ages 20 to 79),SH.STA.DIAB.ZS,..,..,3.6,..,..,..,6.5
Estonia,EST,Diabetes prevalence (% of population ages 20 to 79),SH.STA.DIAB.ZS,..,..,7,..,..,..,6.5
Eswatini,SWZ,Diabetes prevalence (% of population ages 20 to 79),SH.STA.DIAB.ZS,..,..,3.1,..,..,..,4.6
Ethiopia,ETH,Diabetes prevalence (% of population ages 20 to 79),SH.STA.DIAB.ZS,..,..,3.4,..,..,..,5
Faroe Islands,FRO,Diabetes prevalence (% of population ages 20 to 79),SH.STA.DIAB.ZS,..,..,..,..,..,..,3.8
Fiji,FJI,Diabetes prevalence (% of population ages 20 to 79),SH.STA.DIAB.ZS,..,..,10.9,..,..,..,17.7
Finland,FIN,Diabetes prevalence (% of population ages 20 to 79),SH.STA.DIAB.ZS,..,..,5.8,..,..,..,6.1
France,FRA,Diabetes prevalence (% of population ages 20 to 79),SH.STA.DIAB.ZS,..,..,5.4,..,..,..,5.3
French Polynesia,PYF,Diabetes prevalence (% of population ages 20 to 79),SH.STA.DIAB.ZS,..,..,8.6,..,..,..,25.2
Gabon,GAB,Diabetes prevalence (% of population ages 20 to 79),SH.STA.DIAB.ZS,..,..,10.3,..,..,..,5.5
"Gambia, The",GMB,Diabetes prevalence (% of population ages 20 to 79),SH.STA.DIAB.ZS,..,..,2,..,..,..,1.9
Georgia,GEO,Diabetes prevalence (% of population ages 20 to 79),SH.STA.DIAB.ZS,..,..,2.8,..,..,..,5.7
Germany,DEU,Diabetes prevalence (% of population ages 20 to 79),SH.STA.DIAB.ZS,..,..,5.3,..,..,..,6.9
Ghana,GHA,Diabetes prevalence (% of population ages 20 to 79),SH.STA.DIAB.ZS,..,..,5,..,..,..,2.6
Gibraltar,GIB,Diabetes prevalence (% of population ages 20 to 79),SH.STA.DIAB.ZS,..,..,..,..,..,..,..
Greece,GRC,Diabetes prevalence (% of population ages 20 to 79),SH.STA.DIAB.ZS,..,..,5.1,..,..,..,6.4
Greenland,GRL,Diabetes prevalence (% of population ages 20 to 79),SH.STA.DIAB.ZS,..,..,..,..,..,..,3.3
Grenada,GRD,Diabetes prevalence (% of population ages 20 to 79),SH.STA.DIAB.ZS,..,..,8.6,..,..,..,12.6
Guam,GUM,Diabetes prevalence (% of population ages 20 to 79),SH.STA.DIAB.ZS,..,..,8.6,..,..,..,19.1
Guatemala,GTM,Diabetes prevalence (% of population ages 20 to 79),SH.STA.DIAB.ZS,..,..,9.3,..,..,..,13.1
Guinea,GIN,Diabetes prevalence (% of population ages 20 to 79),SH.STA.DIAB.ZS,..,..,4.4,..,..,..,2.1
Guinea-Bissau,GNB,Diabetes prevalence (% of population ages 20 to 79),SH.STA.DIAB.ZS,..,..,3,..,..,..,2.1
Guyana,GUY,Diabetes prevalence (% of population ages 20 to 79),SH.STA.DIAB.ZS,..,..,16.7,..,..,..,11.7
Haiti,HTI,Diabetes prevalence (% of population ages 20 to 79),SH.STA.DIAB.ZS,..,..,6.6,..,..,..,8.9
Honduras,HND,Diabetes prevalence (% of population ages 20 to 79),SH.STA.DIAB.ZS,..,..,6.7,..,..,..,5.1
"Hong Kong SAR, China",HKG,Diabetes prevalence (% of population ages 20 to 79),SH.STA.DIAB.ZS,..,..,7.6,..,..,..,7.8
Hungary,HUN,Diabetes prevalence (% of population ages 20 to 79),SH.STA.DIAB.ZS,..,..,6,..,..,..,7
Iceland,ISL,Diabetes prevalence (% of population ages 20 to 79),SH.STA.DIAB.ZS,..,..,3.2,..,..,..,5.5
India,IND,Diabetes prevalence (% of population ages 20 to 79),SH.STA.DIAB.ZS,..,..,9,..,..,..,9.6
Indonesia,IDN,Diabetes prevalence (% of population ages 20 to 79),SH.STA.DIAB.ZS,..,..,5.1,..,..,..,10.6
"Iran, Islamic Rep.",IRN,Diabetes prevalence (% of population ages 20 to 79),SH.STA.DIAB.ZS,..,..,11.1,..,..,..,9.1
Iraq,IRQ,Diabetes prevalence (% of population ages 20 to 79),SH.STA.DIAB.ZS,..,..,9.1,..,..,..,10.7
Ireland,IRL,Diabetes prevalence (% of population ages 20 to 79),SH.STA.DIAB.ZS,..,..,5.2,..,..,..,3
Isle of Man,IMN,Diabetes prevalence (% of population ages 20 to 79),SH.STA.DIAB.ZS,..,..,..,..,..,..,6.3
Israel,ISR,Diabetes prevalence (% of population ages 20 to 79),SH.STA.DIAB.ZS,..,..,7.4,..,..,..,8.5
Italy,ITA,Diabetes prevalence (% of population ages 20 to 79),SH.STA.DIAB.ZS,..,..,5.1,..,..,..,6.4
Jamaica,JAM,Diabetes prevalence (% of population ages 20 to 79),SH.STA.DIAB.ZS,..,..,15.7,..,..,..,11.1
Japan,JPN,Diabetes prevalence (% of population ages 20 to 79),SH.STA.DIAB.ZS,..,..,7.7,..,..,..,6.6
Jordan,JOR,Diabetes prevalence (% of population ages 20 to 79),SH.STA.DIAB.ZS,..,..,12.1,..,..,..,15.4
Kazakhstan,KAZ,Diabetes prevalence (% of population ages 20 to 79),SH.STA.DIAB.ZS,..,..,7.7,..,..,..,6.6
Kenya,KEN,Diabetes prevalence (% of population ages 20 to 79),SH.STA.DIAB.ZS,..,..,5.1,..,..,..,4
Kiribati,KIR,Diabetes prevalence (% of population ages 20 to 79),SH.STA.DIAB.ZS,..,..,25.3,..,..,..,22.1
"Korea, Dem. People's Rep.",PRK,Diabetes prevalence (% of population ages 20 to 79),SH.STA.DIAB.ZS,..,..,8.4,..,..,..,8.6
"Korea, Rep.",KOR,Diabetes prevalence (% of population ages 20 to 79),SH.STA.DIAB.ZS,..,..,7.5,..,..,..,6.8
Kosovo,XKX,Diabetes prevalence (% of population ages 20 to 79),SH.STA.DIAB.ZS,..,..,..,..,..,..,..
Kuwait,KWT,Diabetes prevalence (% of population ages 20 to 79),SH.STA.DIAB.ZS,..,..,20.7,..,..,..,24.9
Kyrgyz Republic,KGZ,Diabetes prevalence (% of population ages 20 to 79),SH.STA.DIAB.ZS,..,..,6.3,..,..,..,6.6
Lao PDR,LAO,Diabetes prevalence (% of population ages 20 to 79),SH.STA.DIAB.ZS,..,..,3.3,..,..,..,6.2
Latvia,LVA,Diabetes prevalence (% of population ages 20 to 79),SH.STA.DIAB.ZS,..,..,7.8,..,..,..,5.9
Lebanon,LBN,Diabetes prevalence (% of population ages 20 to 79),SH.STA.DIAB.ZS,..,..,19.6,..,..,..,8
Lesotho,LSO,Diabetes prevalence (% of population ages 20 to 79),SH.STA.DIAB.ZS,..,..,3.4,..,..,..,4.6
Liberia,LBR,Diabetes prevalence (% of population ages 20 to 79),SH.STA.DIAB.ZS,..,..,3.3,..,..,..,2.1
Libya,LBY,Diabetes prevalence (% of population ages 20 to 79),SH.STA.DIAB.ZS,..,..,13.8,..,..,..,8.7
Liechtenstein,LIE,Diabetes prevalence (% of population ages 20 to 79),SH.STA.DIAB.ZS,..,..,4.7,..,..,..,6.1
Lithuania,LTU,Diabetes prevalence (% of population ages 20 to 79),SH.STA.DIAB.ZS,..,..,7.8,..,..,..,5.8
Luxembourg,LUX,Diabetes prevalence (% of population ages 20 to 79),SH.STA.DIAB.ZS,..,..,4.5,..,..,..,5.9
"Macao SAR, China",MAC,Diabetes prevalence (% of population ages 20 to 79),SH.STA.DIAB.ZS,..,..,7.2,..,..,..,7.8
Madagascar,MDG,Diabetes prevalence (% of population ages 20 to 79),SH.STA.DIAB.ZS,..,..,4.7,..,..,..,4.6
Malawi,MWI,Diabetes prevalence (% of population ages 20 to 79),SH.STA.DIAB.ZS,..,..,5.6,..,..,..,7.3
Malaysia,MYS,Diabetes prevalence (% of population ages 20 to 79),SH.STA.DIAB.ZS,..,..,12.1,..,..,..,19
Maldives,MDV,Diabetes prevalence (% of population ages 20 to 79),SH.STA.DIAB.ZS,..,..,9.2,..,..,..,9.2
Mali,MLI,Diabetes prevalence (% of population ages 20 to 79),SH.STA.DIAB.ZS,..,..,1.9,..,..,..,2.1
Malta,MLT,Diabetes prevalence (% of population ages 20 to 79),SH.STA.DIAB.ZS,..,..,6.6,..,..,..,8
Marshall Islands,MHL,Diabetes prevalence (% of population ages 20 to 79),SH.STA.DIAB.ZS,..,..,21.8,..,..,..,23
Mauritania,MRT,Diabetes prevalence (% of population ages 20 to 79),SH.STA.DIAB.ZS,..,..,4.3,..,..,..,2.1
Mauritius,MUS,Diabetes prevalence (% of population ages 20 to 79),SH.STA.DIAB.ZS,..,..,14.8,..,..,..,22.6
Mexico,MEX,Diabetes prevalence (% of population ages 20 to 79),SH.STA.DIAB.ZS,..,..,15.6,..,..,..,16.9
"Micronesia, Fed. Sts.",FSM,Diabetes prevalence (% of population ages 20 to 79),SH.STA.DIAB.ZS,..,..,15.7,..,..,..,15.6
Moldova,MDA,Diabetes prevalence (% of population ages 20 to 79),SH.STA.DIAB.ZS,..,..,2.7,..,..,..,5.6
Monaco,MCO,Diabetes prevalence (% of population ages 20 to 79),SH.STA.DIAB.ZS,..,..,5.6,..,..,..,6.2
Mongolia,MNG,Diabetes prevalence (% of population ages 20 to 79),SH.STA.DIAB.ZS,..,..,7.1,..,..,..,6.9
Montenegro,MNE,Diabetes prevalence (% of population ages 20 to 79),SH.STA.DIAB.ZS,..,..,7.7,..,..,..,9.1
Morocco,MAR,Diabetes prevalence (% of population ages 20 to 79),SH.STA.DIAB.ZS,..,..,6.8,..,..,..,9.1
Mozambique,MOZ,Diabetes prevalence (% of population ages 20 to 79),SH.STA.DIAB.ZS,..,..,3.1,..,..,..,3.3
Myanmar,MMR,Diabetes prevalence (% of population ages 20 to 79),SH.STA.DIAB.ZS,..,..,7.1,..,..,..,7.1
Namibia,NAM,Diabetes prevalence (% of population ages 20 to 79),SH.STA.DIAB.ZS,..,..,7.8,..,..,..,6.7
Nauru,NRU,Diabetes prevalence (% of population ages 20 to 79),SH.STA.DIAB.ZS,..,..,20.4,..,..,..,23.4
Nepal,NPL,Diabetes prevalence (% of population ages 20 to 79),SH.STA.DIAB.ZS,..,..,3.6,..,..,..,8.7
Netherlands,NLD,Diabetes prevalence (% of population ages 20 to 79),SH.STA.DIAB.ZS,..,..,5.3,..,..,..,4.5
New Caledonia,NCL,Diabetes prevalence (% of population ages 20 to 79),SH.STA.DIAB.ZS,..,..,8.6,..,..,..,23.4
New Zealand,NZL,Diabetes prevalence (% of population ages 20 to 79),SH.STA.DIAB.ZS,..,..,8.6,..,..,..,6.2
Nicaragua,NIC,Diabetes prevalence (% of population ages 20 to 79),SH.STA.DIAB.ZS,..,..,11,..,..,..,9.3
Niger,NER,Diabetes prevalence (% of population ages 20 to 79),SH.STA.DIAB.ZS,..,..,4.2,..,..,..,5.2
Nigeria,NGA,Diabetes prevalence (% of population ages 20 to 79),SH.STA.DIAB.ZS,..,..,4.8,..,..,..,3.6
North Macedonia,MKD,Diabetes prevalence (% of population ages 20 to 79),SH.STA.DIAB.ZS,..,..,7.7,..,..,..,6.1
Northern Mariana Islands,MNP,Diabetes prevalence (% of population ages 20 to 79),SH.STA.DIAB.ZS,..,..,..,..,..,..,23.4
Norway,NOR,Diabetes prevalence (% of population ages 20 to 79),SH.STA.DIAB.ZS,..,..,4.7,..,..,..,3.6
Oman,OMN,Diabetes prevalence (% of population ages 20 to 79),SH.STA.DIAB.ZS,..,..,10.5,..,..,..,13.8
Pakistan,PAK,Diabetes prevalence (% of population ages 20 to 79),SH.STA.DIAB.ZS,..,..,7.9,..,..,..,30.8
Palau,PLW,Diabetes prevalence (% of population ages 20 to 79),SH.STA.DIAB.ZS,..,..,11.1,..,..,..,17
Panama,PAN,Diabetes prevalence (% of population ages 20 to 79),SH.STA.DIAB.ZS,..,..,9.4,..,..,..,8.2
Papua New Guinea,PNG,Diabetes prevalence (% of population ages 20 to 79),SH.STA.DIAB.ZS,..,..,7.6,..,..,..,16.7
Paraguay,PRY,Diabetes prevalence (% of population ages 20 to 79),SH.STA.DIAB.ZS,..,..,6.5,..,..,..,7.5
Peru,PER,Diabetes prevalence (% of population ages 20 to 79),SH.STA.DIAB.ZS,..,..,6,..,..,..,4.8
Philippines,PHL,Diabetes prevalence (% of population ages 20 to 79),SH.STA.DIAB.ZS,..,..,9.7,..,..,..,7.1
Poland,POL,Diabetes prevalence (% of population ages 20 to 79),SH.STA.DIAB.ZS,..,..,9,..,..,..,6.8
Portugal,PRT,Diabetes prevalence (% of population ages 20 to 79),SH.STA.DIAB.ZS,..,..,9.6,..,..,..,9.1
Puerto Rico,PRI,Diabetes prevalence (% of population ages 20 to 79),SH.STA.DIAB.ZS,..,..,13,..,..,..,13.3
Qatar,QAT,Diabetes prevalence (% of population ages 20 to 79),SH.STA.DIAB.ZS,..,..,19.8,..,..,..,19.5
Romania,ROU,Diabetes prevalence (% of population ages 20 to 79),SH.STA.DIAB.ZS,..,..,7.7,..,..,..,6.5
Russian Federation,RUS,Diabetes prevalence (% of population ages 20 to 79),SH.STA.DIAB.ZS,..,..,9.7,..,..,..,5.6
Rwanda,RWA,Diabetes prevalence (% of population ages 20 to 79),SH.STA.DIAB.ZS,..,..,3.1,..,..,..,6.5
Samoa,WSM,Diabetes prevalence (% of population ages 20 to 79),SH.STA.DIAB.ZS,..,..,7.7,..,..,..,9.2
San Marino,SMR,Diabetes prevalence (% of population ages 20 to 79),SH.STA.DIAB.ZS,..,..,5.5,..,..,..,7.4
Sao Tome and Principe,STP,Diabetes prevalence (% of population ages 20 to 79),SH.STA.DIAB.ZS,..,..,5.5,..,..,..,5.5
Saudi Arabia,SAU,Diabetes prevalence (% of population ages 20 to 79),SH.STA.DIAB.ZS,..,..,19.6,..,..,..,18.7
Senegal,SEN,Diabetes prevalence (% of population ages 20 to 79),SH.STA.DIAB.ZS,..,..,3.2,..,..,..,3.1
Serbia,SRB,Diabetes prevalence (% of population ages 20 to 79),SH.STA.DIAB.ZS,..,..,7.7,..,..,..,9.1
Seychelles,SYC,Diabetes prevalence (% of population ages 20 to 79),SH.STA.DIAB.ZS,..,..,12.1,..,..,..,8.5
Sierra Leone,SLE,Diabetes prevalence (% of population ages 20 to 79),SH.STA.DIAB.ZS,..,..,3.2,..,..,..,2.1
Singapore,SGP,Diabetes prevalence (% of population ages 20 to 79),SH.STA.DIAB.ZS,..,..,9.5,..,..,..,11.6
Sint Maarten (Dutch part),SXM,Diabetes prevalence (% of population ages 20 to 79),SH.STA.DIAB.ZS,..,..,..,..,..,..,..
Slovak Republic,SVK,Diabetes prevalence (% of population ages 20 to 79),SH.STA.DIAB.ZS,..,..,5.7,..,..,..,5.8
Slovenia,SVN,Diabetes prevalence (% of population ages 20 to 79),SH.STA.DIAB.ZS,..,..,7.5,..,..,..,5.8
Solomon Islands,SLB,Diabetes prevalence (% of population ages 20 to 79),SH.STA.DIAB.ZS,..,..,15.3,..,..,..,19.8
Somalia,SOM,Diabetes prevalence (% of population ages 20 to 79),SH.STA.DIAB.ZS,..,..,4.3,..,..,..,6.5
South Africa,ZAF,Diabetes prevalence (% of population ages 20 to 79),SH.STA.DIAB.ZS,..,..,7,..,..,..,10.8
South Sudan,SSD,Diabetes prevalence (% of population ages 20 to 79),SH.STA.DIAB.ZS,..,..,..,..,..,..,6.5
Spain,ESP,Diabetes prevalence (% of population ages 20 to 79),SH.STA.DIAB.ZS,..,..,6.3,..,..,..,10.3
Sri Lanka,LKA,Diabetes prevalence (% of population ages 20 to 79),SH.STA.DIAB.ZS,..,..,7.5,..,..,..,11.3
St. Kitts and Nevis,KNA,Diabetes prevalence (% of population ages 20 to 79),SH.STA.DIAB.ZS,..,..,8.5,..,..,..,16.1
St. Lucia,LCA,Diabetes prevalence (% of population ages 20 to 79),SH.STA.DIAB.ZS,..,..,8.4,..,..,..,11.7
St. Martin (French part),MAF,Diabetes prevalence (% of population ages 20 to 79),SH.STA.DIAB.ZS,..,..,..,..,..,..,..
St. Vincent and the Grenadines,VCT,Diabetes prevalence (% of population ages 20 to 79),SH.STA.DIAB.ZS,..,..,8.8,..,..,..,8
Sudan,SDN,Diabetes prevalence (% of population ages 20 to 79),SH.STA.DIAB.ZS,..,..,8.6,..,..,..,18.9
Suriname,SUR,Diabetes prevalence (% of population ages 20 to 79),SH.STA.DIAB.ZS,..,..,8.9,..,..,..,12.7
Sweden,SWE,Diabetes prevalence (% of population ages 20 to 79),SH.STA.DIAB.ZS,..,..,4.2,..,..,..,5
Switzerland,CHE,Diabetes prevalence (% of population ages 20 to 79),SH.STA.DIAB.ZS,..,..,5.9,..,..,..,4.6
Syrian Arab Republic,SYR,Diabetes prevalence (% of population ages 20 to 79),SH.STA.DIAB.ZS,..,..,9.9,..,..,..,14.9
Tajikistan,TJK,Diabetes prevalence (% of population ages 20 to 79),SH.STA.DIAB.ZS,..,..,6.3,..,..,..,6.6
Tanzania,TZA,Diabetes prevalence (% of population ages 20 to 79),SH.STA.DIAB.ZS,..,..,2.8,..,..,..,12.3
Thailand,THA,Diabetes prevalence (% of population ages 20 to 79),SH.STA.DIAB.ZS,..,..,7.5,..,..,..,9.7
Timor-Leste,TLS,Diabetes prevalence (% of population ages 20 to 79),SH.STA.DIAB.ZS,..,..,7.5,..,..,..,8.6
Togo,TGO,Diabetes prevalence (% of population ages 20 to 79),SH.STA.DIAB.ZS,..,..,3.3,..,..,..,2.1
Tonga,TON,Diabetes prevalence (% of population ages 20 to 79),SH.STA.DIAB.ZS,..,..,12.7,..,..,..,15
Trinidad and Tobago,TTO,Diabetes prevalence (% of population ages 20 to 79),SH.STA.DIAB.ZS,..,..,12.7,..,..,..,12.7
Tunisia,TUN,Diabetes prevalence (% of population ages 20 to 79),SH.STA.DIAB.ZS,..,..,9.5,..,..,..,9.6
Turkey,TUR,Diabetes prevalence (% of population ages 20 to 79),SH.STA.DIAB.ZS,..,..,7.9,..,..,..,14.5
Turkmenistan,TKM,Diabetes prevalence (% of population ages 20 to 79),SH.STA.DIAB.ZS,..,..,2.7,..,..,..,6.7
Turks and Caicos Islands,TCA,Diabetes prevalence (% of population ages 20 to 79),SH.STA.DIAB.ZS,..,..,..,..,..,..,..
Tuvalu,TUV,Diabetes prevalence (% of population ages 20 to 79),SH.STA.DIAB.ZS,..,..,19.2,..,..,..,20.3
Uganda,UGA,Diabetes prevalence (% of population ages 20 to 79),SH.STA.DIAB.ZS,..,..,2.8,..,..,..,4.6
Ukraine,UKR,Diabetes prevalence (% of population ages 20 to 79),SH.STA.DIAB.ZS,..,..,2.9,..,..,..,5.6
United Arab Emirates,ARE,Diabetes prevalence (% of population ages 20 to 79),SH.STA.DIAB.ZS,..,..,18.8,..,..,..,16.4
United Kingdom,GBR,Diabetes prevalence (% of population ages 20 to 79),SH.STA.DIAB.ZS,..,..,5.2,..,..,..,6.3
United States,USA,Diabetes prevalence (% of population ages 20 to 79),SH.STA.DIAB.ZS,..,..,9.4,..,..,..,10.7
Uruguay,URY,Diabetes prevalence (% of population ages 20 to 79),SH.STA.DIAB.ZS,..,..,5.7,..,..,..,9
Uzbekistan,UZB,Diabetes prevalence (% of population ages 20 to 79),SH.STA.DIAB.ZS,..,..,6.4,..,..,..,7
Vanuatu,VUT,Diabetes prevalence (% of population ages 20 to 79),SH.STA.DIAB.ZS,..,..,16.1,..,..,..,15.6
"Venezuela, RB",VEN,Diabetes prevalence (% of population ages 20 to 79),SH.STA.DIAB.ZS,..,..,10.2,..,..,..,9.6
Vietnam,VNM,Diabetes prevalence (% of population ages 20 to 79),SH.STA.DIAB.ZS,..,..,3.2,..,..,..,6.1
Virgin Islands (U.S.),VIR,Diabetes prevalence (% of population ages 20 to 79),SH.STA.DIAB.ZS,..,..,12.1,..,..,..,12.4
West Bank and Gaza,PSE,Diabetes prevalence (% of population ages 20 to 79),SH.STA.DIAB.ZS,..,..,9.2,..,..,..,9.2
"Yemen, Rep.",YEM,Diabetes prevalence (% of population ages 20 to 79),SH.STA.DIAB.ZS,..,..,9.6,..,..,..,5.4
Zambia,ZMB,Diabetes prevalence (% of population ages 20 to 79),SH.STA.DIAB.ZS,..,..,4.8,..,..,..,11.9
Zimbabwe,ZWE,Diabetes prevalence (% of population ages 20 to 79),SH.STA.DIAB.ZS,..,..,9.8,..,..,..,2.1
Africa Eastern and Southern,AFE,Diabetes prevalence (% of population ages 20 to 79),SH.STA.DIAB.ZS,..,..,4.59767537494877,..,..,..,7.38817923540749
Africa Western and Central,AFW,Diabetes prevalence (% of population ages 20 to 79),SH.STA.DIAB.ZS,..,..,4.42009859065853,..,..,..,3.39726242955192
Arab World,ARB,Diabetes prevalence (% of population ages 20 to 79),SH.STA.DIAB.ZS,..,..,12.0410839362572,..,..,..,14.0338845037802
Caribbean small states,CSS,Diabetes prevalence (% of population ages 20 to 79),SH.STA.DIAB.ZS,..,..,13.9340849406634,..,..,..,11.7702869757174
Central Europe and the Baltics,CEB,Diabetes prevalence (% of population ages 20 to 79),SH.STA.DIAB.ZS,..,..,7.48205510064571,..,..,..,6.63408216702197
Early-demographic dividend,EAR,Diabetes prevalence (% of population ages 20 to 79),SH.STA.DIAB.ZS,..,..,8.8177745667741,..,..,..,11.4560800824133
East Asia & Pacific,EAS,Diabetes prevalence (% of population ages 20 to 79),SH.STA.DIAB.ZS,..,..,8.02849942045253,..,..,..,9.86346107848359
East Asia & Pacific (excluding high income),EAP,Diabetes prevalence (% of population ages 20 to 79),SH.STA.DIAB.ZS,..,..,8.07541255709234,..,..,..,10.2090961723198
East Asia & Pacific (IDA & IBRD countries),TEA,Diabetes prevalence (% of population ages 20 to 79),SH.STA.DIAB.ZS,..,..,8.0713573742299,..,..,..,10.229019465991
Euro area,EMU,Diabetes prevalence (% of population ages 20 to 79),SH.STA.DIAB.ZS,..,..,5.65468664848936,..,..,..,6.63987222024185
Europe & Central Asia,ECS,Diabetes prevalence (% of population ages 20 to 79),SH.STA.DIAB.ZS,..,..,6.54732499212877,..,..,..,7.04157334870854
Europe & Central Asia (excluding high income),ECA,Diabetes prevalence (% of population ages 20 to 79),SH.STA.DIAB.ZS,..,..,7.48741580429416,..,..,..,7.75007773039349
Europe & Central Asia (IDA & IBRD countries),TEC,Diabetes prevalence (% of population ages 20 to 79),SH.STA.DIAB.ZS,..,..,7.60140594298543,..,..,..,7.63911848890054
European Union,EUU,Diabetes prevalence (% of population ages 20 to 79),SH.STA.DIAB.ZS,..,..,6.0186977688377,..,..,..,6.60704328725321
Fragile and conflict affected situations,FCS,Diabetes prevalence (% of population ages 20 to 79),SH.STA.DIAB.ZS,..,..,5.93839037536679,..,..,..,6.669405670825
Heavily indebted poor countries (HIPC),HPC,Diabetes prevalence (% of population ages 20 to 79),SH.STA.DIAB.ZS,..,..,4.36838109482696,..,..,..,6.4292656949314
High income,HIC,Diabetes prevalence (% of population ages 20 to 79),SH.STA.DIAB.ZS,..,..,7.8057347641784,..,..,..,8.4307011500801
IBRD only,IBD,Diabetes prevalence (% of population ages 20 to 79),SH.STA.DIAB.ZS,..,..,8.76722079767533,..,..,..,9.97332412880601
IDA & IBRD total,IBT,Diabetes prevalence (% of population ages 20 to 79),SH.STA.DIAB.ZS,..,..,8.24042261822512,..,..,..,10.0825502772814
IDA blend,IDB,Diabetes prevalence (% of population ages 20 to 79),SH.STA.DIAB.ZS,..,..,6.4856730477007,..,..,..,15.2486643303149
IDA only,IDX,Diabetes prevalence (% of population ages 20 to 79),SH.STA.DIAB.ZS,..,..,5.89200935105987,..,..,..,8.05164654473752
IDA total,IDA,Diabetes prevalence (% of population ages 20 to 79),SH.STA.DIAB.ZS,..,..,6.09365250415359,..,..,..,10.4641640584138
Late-demographic dividend,LTE,Diabetes prevalence (% of population ages 20 to 79),SH.STA.DIAB.ZS,..,..,8.76246384972649,..,..,..,9.79023558931027
Latin America & Caribbean,LCN,Diabetes prevalence (% of population ages 20 to 79),SH.STA.DIAB.ZS,..,..,10.2837930159292,..,..,..,9.89317368522109
Latin America & Caribbean (excluding high income),LAC,Diabetes prevalence (% of population ages 20 to 79),SH.STA.DIAB.ZS,..,..,10.3152937145055,..,..,..,9.85205581375052
Latin America & the Caribbean (IDA & IBRD countries),TLA,Diabetes prevalence (% of population ages 20 to 79),SH.STA.DIAB.ZS,..,..,10.2812645676231,..,..,..,9.91721691245958
Least developed countries: UN classification,LDC,Diabetes prevalence (% of population ages 20 to 79),SH.STA.DIAB.ZS,..,..,5.68566497486804,..,..,..,8.17079015025755
Low & middle income,LMY,Diabetes prevalence (% of population ages 20 to 79),SH.STA.DIAB.ZS,..,..,8.2276130017134,..,..,..,10.0961360154614
Low income,LIC,Diabetes prevalence (% of population ages 20 to 79),SH.STA.DIAB.ZS,..,..,4.93790694158608,..,..,..,6.66958786984837
Lower middle income,LMC,Diabetes prevalence (% of population ages 20 to 79),SH.STA.DIAB.ZS,..,..,7.90347719079536,..,..,..,10.5272978497636
Middle East & North Africa,MEA,Diabetes prevalence (% of population ages 20 to 79),SH.STA.DIAB.ZS,..,..,12.2435092661844,..,..,..,12.8736386570813
Middle East & North Africa (excluding high income),MNA,Diabetes prevalence (% of population ages 20 to 79),SH.STA.DIAB.ZS,..,..,11.3569430064239,..,..,..,12.1088436766993
Middle East & North Africa (IDA & IBRD countries),TMN,Diabetes prevalence (% of population ages 20 to 79),SH.STA.DIAB.ZS,..,..,11.3780471175669,..,..,..,12.1410761240648
Middle income,MIC,Diabetes prevalence (% of population ages 20 to 79),SH.STA.DIAB.ZS,..,..,8.47531175176052,..,..,..,10.4068274298429
North America,NAC,Diabetes prevalence (% of population ages 20 to 79),SH.STA.DIAB.ZS,..,..,9.29671329336856,..,..,..,10.3820285567149
Not classified,INX,Diabetes prevalence (% of population ages 20 to 79),SH.STA.DIAB.ZS,..,..,..,..,..,..,..
OECD members,OED,Diabetes prevalence (% of population ages 20 to 79),SH.STA.DIAB.ZS,..,..,8.08852911822297,..,..,..,9.05209376470526
Other small states,OSS,Diabetes prevalence (% of population ages 20 to 79),SH.STA.DIAB.ZS,..,..,9.03314520022635,..,..,..,8.65695455818513
Pacific island small states,PSS,Diabetes prevalence (% of population ages 20 to 79),SH.STA.DIAB.ZS,..,..,13.2037391430567,..,..,..,17.3302958873519
Post-demographic dividend,PST,Diabetes prevalence (% of population ages 20 to 79),SH.STA.DIAB.ZS,..,..,7.08820546825066,..,..,..,7.80423398988234
Pre-demographic dividend,PRE,Diabetes prevalence (% of population ages 20 to 79),SH.STA.DIAB.ZS,..,..,4.60667903046978,..,..,..,6.10532138122372
Small states,SST,Diabetes prevalence (% of population ages 20 to 79),SH.STA.DIAB.ZS,..,..,10.2749093870643,..,..,..,9.70627236455132
South Asia,SAS,Diabetes prevalence (% of population ages 20 to 79),SH.STA.DIAB.ZS,..,..,8.90055649705066,..,..,..,12.3255968622974
South Asia (IDA & IBRD),TSA,Diabetes prevalence (% of population ages 20 to 79),SH.STA.DIAB.ZS,..,..,8.90055649705066,..,..,..,12.3255968622974
Sub-Saharan Africa,SSF,Diabetes prevalence (% of population ages 20 to 79),SH.STA.DIAB.ZS,..,..,4.52592333776732,..,..,..,5.80821710618555
Sub-Saharan Africa (excluding high income),SSA,Diabetes prevalence (% of population ages 20 to 79),SH.STA.DIAB.ZS,..,..,4.52489523896329,..,..,..,5.80791856539879
Sub-Saharan Africa (IDA & IBRD countries),TSS,Diabetes prevalence (% of population ages 20 to 79),SH.STA.DIAB.ZS,..,..,4.52592333776732,..,..,..,5.80821710618555
Upper middle income,UMC,Diabetes prevalence (% of population ages 20 to 79),SH.STA.DIAB.ZS,..,..,9.08443811672709,..,..,..,10.2651584767442
World,WLD,Diabetes prevalence (% of population ages 20 to 79),SH.STA.DIAB.ZS,..,..,8.15635518577569,..,..,..,9.80371182063316
,,,,,,,,,,
,,,,,,,,,,
,,,,,,,,,,
Data from database: World Development Indicators,,,,,,,,,,
Last Updated: 05/25/2022,,,,,,,,,,
