Series Name,Series Code,Country Name,Country Code,1960 [YR1960],1961 [YR1961],1962 [YR1962],1963 [YR1963],1964 [YR1964],1965 [YR1965],1966 [YR1966],1967 [YR1967],1968 [YR1968],1969 [YR1969],1970 [YR1970],1971 [YR1971],1972 [YR1972],1973 [YR1973],1974 [YR1974],1975 [YR1975],1976 [YR1976],1977 [YR1977],1978 [YR1978],1979 [YR1979],1980 [YR1980],1981 [YR1981],1982 [YR1982],1983 [YR1983],1984 [YR1984],1985 [YR1985],1986 [YR1986],1987 [YR1987],1988 [YR1988],1989 [YR1989],1990 [YR1990],1991 [YR1991],1992 [YR1992],1993 [YR1993],1994 [YR1994],1995 [YR1995],1996 [YR1996],1997 [YR1997],1998 [YR1998],1999 [YR1999],2000 [YR2000],2001 [YR2001],2002 [YR2002],2003 [YR2003],2004 [YR2004],2005 [YR2005],2006 [YR2006],2007 [YR2007],2008 [YR2008],2009 [YR2009],2010 [YR2010],2011 [YR2011],2012 [YR2012],2013 [YR2013],2014 [YR2014],2015 [YR2015],2016 [YR2016],2017 [YR2017],2018 [YR2018],2019 [YR2019],2020 [YR2020],2021 [YR2021]
Diabetes prevalence (% of population ages 20 to 79),SH.STA.DIAB.ZS,Afghanistan,AFG,..,..,..,..,..,..,..,..,..,..,..,..,..,..,..,..,..,..,..,..,..,..,..,..,..,..,..,..,..,..,..,..,..,..,..,..,..,..,..,..,..,..,..,..,..,..,..,..,..,..,..,7.6,..,..,..,..,..,..,..,..,..,10.9
Diabetes prevalence (% of population ages 20 to 79),SH.STA.DIAB.ZS,Africa Eastern and Southern,AFE,..,..,..,..,..,..,..,..,..,..,..,..,..,..,..,..,..,..,..,..,..,..,..,..,..,..,..,..,..,..,..,..,..,..,..,..,..,..,..,..,..,..,..,..,..,..,..,..,..,..,..,4.59767537494877,..,..,..,..,..,..,..,..,..,7.38817923540749
Diabetes prevalence (% of population ages 20 to 79),SH.STA.DIAB.ZS,Africa Western and Central,AFW,..,..,..,..,..,..,..,..,..,..,..,..,..,..,..,..,..,..,..,..,..,..,..,..,..,..,..,..,..,..,..,..,..,..,..,..,..,..,..,..,..,..,..,..,..,..,..,..,..,..,..,4.42009859065853,..,..,..,..,..,..,..,..,..,3.39726242955192
Diabetes prevalence (% of population ages 20 to 79),SH.STA.DIAB.ZS,Albania,ALB,..,..,..,..,..,..,..,..,..,..,..,..,..,..,..,..,..,..,..,..,..,..,..,..,..,..,..,..,..,..,..,..,..,..,..,..,..,..,..,..,..,..,..,..,..,..,..,..,..,..,..,2.8,..,..,..,..,..,..,..,..,..,10.2
Diabetes prevalence (% of population ages 20 to 79),SH.STA.DIAB.ZS,Algeria,DZA,..,..,..,..,..,..,..,..,..,..,..,..,..,..,..,..,..,..,..,..,..,..,..,..,..,..,..,..,..,..,..,..,..,..,..,..,..,..,..,..,..,..,..,..,..,..,..,..,..,..,..,7,..,..,..,..,..,..,..,..,..,7.1
Diabetes prevalence (% of population ages 20 to 79),SH.STA.DIAB.ZS,American Samoa,ASM,..,..,..,..,..,..,..,..,..,..,..,..,..,..,..,..,..,..,..,..,..,..,..,..,..,..,..,..,..,..,..,..,..,..,..,..,..,..,..,..,..,..,..,..,..,..,..,..,..,..,..,..,..,..,..,..,..,..,..,..,..,20.3
Diabetes prevalence (% of population ages 20 to 79),SH.STA.DIAB.ZS,Andorra,AND,..,..,..,..,..,..,..,..,..,..,..,..,..,..,..,..,..,..,..,..,..,..,..,..,..,..,..,..,..,..,..,..,..,..,..,..,..,..,..,..,..,..,..,..,..,..,..,..,..,..,..,5.4,..,..,..,..,..,..,..,..,..,9.7
Diabetes prevalence (% of population ages 20 to 79),SH.STA.DIAB.ZS,Angola,AGO,..,..,..,..,..,..,..,..,..,..,..,..,..,..,..,..,..,..,..,..,..,..,..,..,..,..,..,..,..,..,..,..,..,..,..,..,..,..,..,..,..,..,..,..,..,..,..,..,..,..,..,2.9,..,..,..,..,..,..,..,..,..,4.6
Diabetes prevalence (% of population ages 20 to 79),SH.STA.DIAB.ZS,Antigua and Barbuda,ATG,..,..,..,..,..,..,..,..,..,..,..,..,..,..,..,..,..,..,..,..,..,..,..,..,..,..,..,..,..,..,..,..,..,..,..,..,..,..,..,..,..,..,..,..,..,..,..,..,..,..,..,12.5,..,..,..,..,..,..,..,..,..,11.7
Diabetes prevalence (% of population ages 20 to 79),SH.STA.DIAB.ZS,Arab World,ARB,..,..,..,..,..,..,..,..,..,..,..,..,..,..,..,..,..,..,..,..,..,..,..,..,..,..,..,..,..,..,..,..,..,..,..,..,..,..,..,..,..,..,..,..,..,..,..,..,..,..,..,12.0410839362572,..,..,..,..,..,..,..,..,..,14.0338845037802
Diabetes prevalence (% of population ages 20 to 79),SH.STA.DIAB.ZS,Argentina,ARG,..,..,..,..,..,..,..,..,..,..,..,..,..,..,..,..,..,..,..,..,..,..,..,..,..,..,..,..,..,..,..,..,..,..,..,..,..,..,..,..,..,..,..,..,..,..,..,..,..,..,..,5.5,..,..,..,..,..,..,..,..,..,5.4
Diabetes prevalence (% of population ages 20 to 79),SH.STA.DIAB.ZS,Armenia,ARM,..,..,..,..,..,..,..,..,..,..,..,..,..,..,..,..,..,..,..,..,..,..,..,..,..,..,..,..,..,..,..,..,..,..,..,..,..,..,..,..,..,..,..,..,..,..,..,..,..,..,..,8.5,..,..,..,..,..,..,..,..,..,5.6
Diabetes prevalence (% of population ages 20 to 79),SH.STA.DIAB.ZS,Aruba,ABW,..,..,..,..,..,..,..,..,..,..,..,..,..,..,..,..,..,..,..,..,..,..,..,..,..,..,..,..,..,..,..,..,..,..,..,..,..,..,..,..,12.1,..,..,..,..,..,..,..,..,..,..,12.4,..,..,..,..,..,..,..,..,..,4.3
Diabetes prevalence (% of population ages 20 to 79),SH.STA.DIAB.ZS,Australia,AUS,..,..,..,..,..,..,..,..,..,..,..,..,..,..,..,..,..,..,..,..,..,..,..,..,..,..,..,..,..,..,..,..,..,..,..,..,..,..,..,..,0,..,..,..,..,..,..,..,..,..,..,6.6,..,..,..,..,..,..,..,..,..,6.4
Diabetes prevalence (% of population ages 20 to 79),SH.STA.DIAB.ZS,Austria,AUT,..,..,..,..,..,..,..,..,..,..,..,..,..,..,..,..,..,..,..,..,..,..,..,..,..,..,..,..,..,..,..,..,..,..,..,..,..,..,..,..,..,..,..,..,..,..,..,..,..,..,..,6.6,..,..,..,..,..,..,..,..,..,4.6
Diabetes prevalence (% of population ages 20 to 79),SH.STA.DIAB.ZS,Azerbaijan,AZE,..,..,..,..,..,..,..,..,..,..,..,..,..,..,..,..,..,..,..,..,..,..,..,..,..,..,..,..,..,..,..,..,..,..,..,..,..,..,..,..,..,..,..,..,..,..,..,..,..,..,..,2.8,..,..,..,..,..,..,..,..,..,5.6
Diabetes prevalence (% of population ages 20 to 79),SH.STA.DIAB.ZS,"Bahamas, The",BHS,..,..,..,..,..,..,..,..,..,..,..,..,..,..,..,..,..,..,..,..,..,..,..,..,..,..,..,..,..,..,..,..,..,..,..,..,..,..,..,..,..,..,..,..,..,..,..,..,..,..,..,12.1,..,..,..,..,..,..,..,..,..,8.8
Diabetes prevalence (% of population ages 20 to 79),SH.STA.DIAB.ZS,Bahrain,BHR,..,..,..,..,..,..,..,..,..,..,..,..,..,..,..,..,..,..,..,..,..,..,..,..,..,..,..,..,..,..,..,..,..,..,..,..,..,..,..,..,14.8,..,..,..,..,..,..,..,..,..,..,19.5,..,..,..,..,..,..,..,..,..,11.3
Diabetes prevalence (% of population ages 20 to 79),SH.STA.DIAB.ZS,Bangladesh,BGD,..,..,..,..,..,..,..,..,..,..,..,..,..,..,..,..,..,..,..,..,..,..,..,..,..,..,..,..,..,..,..,..,..,..,..,..,..,..,..,..,..,..,..,..,..,..,..,..,..,..,..,10.5,..,..,..,..,..,..,..,..,..,14.2
Diabetes prevalence (% of population ages 20 to 79),SH.STA.DIAB.ZS,Barbados,BRB,..,..,..,..,..,..,..,..,..,..,..,..,..,..,..,..,..,..,..,..,..,..,..,..,..,..,..,..,..,..,..,..,..,..,..,..,..,..,..,..,13.2,..,..,..,..,..,..,..,..,..,..,12.4,..,..,..,..,..,..,..,..,..,14
Diabetes prevalence (% of population ages 20 to 79),SH.STA.DIAB.ZS,Belarus,BLR,..,..,..,..,..,..,..,..,..,..,..,..,..,..,..,..,..,..,..,..,..,..,..,..,..,..,..,..,..,..,..,..,..,..,..,..,..,..,..,..,..,..,..,..,..,..,..,..,..,..,..,8,..,..,..,..,..,..,..,..,..,5.6
Diabetes prevalence (% of population ages 20 to 79),SH.STA.DIAB.ZS,Belgium,BEL,..,..,..,..,..,..,..,..,..,..,..,..,..,..,..,..,..,..,..,..,..,..,..,..,..,..,..,..,..,..,..,..,..,..,..,..,..,..,..,..,..,..,..,..,..,..,..,..,..,..,..,4.8,..,..,..,..,..,..,..,..,..,3.6
Diabetes prevalence (% of population ages 20 to 79),SH.STA.DIAB.ZS,Belize,BLZ,..,..,..,..,..,..,..,..,..,..,..,..,..,..,..,..,..,..,..,..,..,..,..,..,..,..,..,..,..,..,..,..,..,..,..,..,..,..,..,..,..,..,..,..,..,..,..,..,..,..,..,17,..,..,..,..,..,..,..,..,..,14.5
Diabetes prevalence (% of population ages 20 to 79),SH.STA.DIAB.ZS,Benin,BEN,..,..,..,..,..,..,..,..,..,..,..,..,..,..,..,..,..,..,..,..,..,..,..,..,..,..,..,..,..,..,..,..,..,..,..,..,..,..,..,..,..,..,..,..,..,..,..,..,..,..,..,2,..,..,..,..,..,..,..,..,..,1.1
Diabetes prevalence (% of population ages 20 to 79),SH.STA.DIAB.ZS,Bermuda,BMU,..,..,..,..,..,..,..,..,..,..,..,..,..,..,..,..,..,..,..,..,..,..,..,..,..,..,..,..,..,..,..,..,..,..,..,..,..,..,..,..,12.1,..,..,..,..,..,..,..,..,..,..,12,..,..,..,..,..,..,..,..,..,13
Diabetes prevalence (% of population ages 20 to 79),SH.STA.DIAB.ZS,Bhutan,BTN,..,..,..,..,..,..,..,..,..,..,..,..,..,..,..,..,..,..,..,..,..,..,..,..,..,..,..,..,..,..,..,..,..,..,..,..,..,..,..,..,..,..,..,..,..,..,..,..,..,..,..,5.7,..,..,..,..,..,..,..,..,..,10.4
Diabetes prevalence (% of population ages 20 to 79),SH.STA.DIAB.ZS,Bolivia,BOL,..,..,..,..,..,..,..,..,..,..,..,..,..,..,..,..,..,..,..,..,..,..,..,..,..,..,..,..,..,..,..,..,..,..,..,..,..,..,..,..,..,..,..,..,..,..,..,..,..,..,..,6.6,..,..,..,..,..,..,..,..,..,5.5
Diabetes prevalence (% of population ages 20 to 79),SH.STA.DIAB.ZS,Bosnia and Herzegovina,BIH,..,..,..,..,..,..,..,..,..,..,..,..,..,..,..,..,..,..,..,..,..,..,..,..,..,..,..,..,..,..,..,..,..,..,..,..,..,..,..,..,..,..,..,..,..,..,..,..,..,..,..,7.5,..,..,..,..,..,..,..,..,..,9.1
Diabetes prevalence (% of population ages 20 to 79),SH.STA.DIAB.ZS,Botswana,BWA,..,..,..,..,..,..,..,..,..,..,..,..,..,..,..,..,..,..,..,..,..,..,..,..,..,..,..,..,..,..,..,..,..,..,..,..,..,..,..,..,..,..,..,..,..,..,..,..,..,..,..,10.8,..,..,..,..,..,..,..,..,..,5.2
Diabetes prevalence (% of population ages 20 to 79),SH.STA.DIAB.ZS,Brazil,BRA,..,..,..,..,..,..,..,..,..,..,..,..,..,..,..,..,..,..,..,..,..,..,..,..,..,..,..,..,..,..,..,..,..,..,..,..,..,..,..,..,..,..,..,..,..,..,..,..,..,..,..,10.1,..,..,..,..,..,..,..,..,..,8.8
Diabetes prevalence (% of population ages 20 to 79),SH.STA.DIAB.ZS,British Virgin Islands,VGB,..,..,..,..,..,..,..,..,..,..,..,..,..,..,..,..,..,..,..,..,..,..,..,..,..,..,..,..,..,..,..,..,..,..,..,..,..,..,..,..,12.1,..,..,..,..,..,..,..,..,..,..,8.6,..,..,..,..,..,..,..,..,..,8.7
Diabetes prevalence (% of population ages 20 to 79),SH.STA.DIAB.ZS,Brunei Darussalam,BRN,..,..,..,..,..,..,..,..,..,..,..,..,..,..,..,..,..,..,..,..,..,..,..,..,..,..,..,..,..,..,..,..,..,..,..,..,..,..,..,..,..,..,..,..,..,..,..,..,..,..,..,9.4,..,..,..,..,..,..,..,..,..,11.1
Diabetes prevalence (% of population ages 20 to 79),SH.STA.DIAB.ZS,Bulgaria,BGR,..,..,..,..,..,..,..,..,..,..,..,..,..,..,..,..,..,..,..,..,..,..,..,..,..,..,..,..,..,..,..,..,..,..,..,..,..,..,..,..,..,..,..,..,..,..,..,..,..,..,..,6.7,..,..,..,..,..,..,..,..,..,7.4
Diabetes prevalence (% of population ages 20 to 79),SH.STA.DIAB.ZS,Burkina Faso,BFA,..,..,..,..,..,..,..,..,..,..,..,..,..,..,..,..,..,..,..,..,..,..,..,..,..,..,..,..,..,..,..,..,..,..,..,..,..,..,..,..,..,..,..,..,..,..,..,..,..,..,..,3,..,..,..,..,..,..,..,..,..,2.1
Diabetes prevalence (% of population ages 20 to 79),SH.STA.DIAB.ZS,Burundi,BDI,..,..,..,..,..,..,..,..,..,..,..,..,..,..,..,..,..,..,..,..,..,..,..,..,..,..,..,..,..,..,..,..,..,..,..,..,..,..,..,..,..,..,..,..,..,..,..,..,..,..,..,2.7,..,..,..,..,..,..,..,..,..,6.5
Diabetes prevalence (% of population ages 20 to 79),SH.STA.DIAB.ZS,Cabo Verde,CPV,..,..,..,..,..,..,..,..,..,..,..,..,..,..,..,..,..,..,..,..,..,..,..,..,..,..,..,..,..,..,..,..,..,..,..,..,..,..,..,..,..,..,..,..,..,..,..,..,..,..,..,5.4,..,..,..,..,..,..,..,..,..,2.1
Diabetes prevalence (% of population ages 20 to 79),SH.STA.DIAB.ZS,Cambodia,KHM,..,..,..,..,..,..,..,..,..,..,..,..,..,..,..,..,..,..,..,..,..,..,..,..,..,..,..,..,..,..,..,..,..,..,..,..,..,..,..,..,..,..,..,..,..,..,..,..,..,..,..,2.9,..,..,..,..,..,..,..,..,..,7.3
Diabetes prevalence (% of population ages 20 to 79),SH.STA.DIAB.ZS,Cameroon,CMR,..,..,..,..,..,..,..,..,..,..,..,..,..,..,..,..,..,..,..,..,..,..,..,..,..,..,..,..,..,..,..,..,..,..,..,..,..,..,..,..,0,..,..,..,..,..,..,..,..,..,..,6.1,..,..,..,..,..,..,..,..,..,5.5
Diabetes prevalence (% of population ages 20 to 79),SH.STA.DIAB.ZS,Canada,CAN,..,..,..,..,..,..,..,..,..,..,..,..,..,..,..,..,..,..,..,..,..,..,..,..,..,..,..,..,..,..,..,..,..,..,..,..,..,..,..,..,..,..,..,..,..,..,..,..,..,..,..,8.4,..,..,..,..,..,..,..,..,..,7.7
Diabetes prevalence (% of population ages 20 to 79),SH.STA.DIAB.ZS,Caribbean small states,CSS,..,..,..,..,..,..,..,..,..,..,..,..,..,..,..,..,..,..,..,..,..,..,..,..,..,..,..,..,..,..,..,..,..,..,..,..,..,..,..,..,..,..,..,..,..,..,..,..,..,..,..,13.9340849406634,..,..,..,..,..,..,..,..,..,11.7702869757174
Diabetes prevalence (% of population ages 20 to 79),SH.STA.DIAB.ZS,Cayman Islands,CYM,..,..,..,..,..,..,..,..,..,..,..,..,..,..,..,..,..,..,..,..,..,..,..,..,..,..,..,..,..,..,..,..,..,..,..,..,..,..,..,..,12.1,..,..,..,..,..,..,..,..,..,..,12,..,..,..,..,..,..,..,..,..,13
Diabetes prevalence (% of population ages 20 to 79),SH.STA.DIAB.ZS,Central African Republic,CAF,..,..,..,..,..,..,..,..,..,..,..,..,..,..,..,..,..,..,..,..,..,..,..,..,..,..,..,..,..,..,..,..,..,..,..,..,..,..,..,..,..,..,..,..,..,..,..,..,..,..,..,3.2,..,..,..,..,..,..,..,..,..,5.8
Diabetes prevalence (% of population ages 20 to 79),SH.STA.DIAB.ZS,Central Europe and the Baltics,CEB,..,..,..,..,..,..,..,..,..,..,..,..,..,..,..,..,..,..,..,..,..,..,..,..,..,..,..,..,..,..,..,..,..,..,..,..,..,..,..,..,..,..,..,..,..,..,..,..,..,..,..,7.48205510064571,..,..,..,..,..,..,..,..,..,6.63408216702197
Diabetes prevalence (% of population ages 20 to 79),SH.STA.DIAB.ZS,Chad,TCD,..,..,..,..,..,..,..,..,..,..,..,..,..,..,..,..,..,..,..,..,..,..,..,..,..,..,..,..,..,..,..,..,..,..,..,..,..,..,..,..,..,..,..,..,..,..,..,..,..,..,..,3.9,..,..,..,..,..,..,..,..,..,5.8
Diabetes prevalence (% of population ages 20 to 79),SH.STA.DIAB.ZS,Channel Islands,CHI,..,..,..,..,..,..,..,..,..,..,..,..,..,..,..,..,..,..,..,..,..,..,..,..,..,..,..,..,..,..,..,..,..,..,..,..,..,..,..,..,..,..,..,..,..,..,..,..,..,..,..,4.9,..,..,..,..,..,..,..,..,..,6.3
Diabetes prevalence (% of population ages 20 to 79),SH.STA.DIAB.ZS,Chile,CHL,..,..,..,..,..,..,..,..,..,..,..,..,..,..,..,..,..,..,..,..,..,..,..,..,..,..,..,..,..,..,..,..,..,..,..,..,..,..,..,..,..,..,..,..,..,..,..,..,..,..,..,9.5,..,..,..,..,..,..,..,..,..,10.8
Diabetes prevalence (% of population ages 20 to 79),SH.STA.DIAB.ZS,China,CHN,..,..,..,..,..,..,..,..,..,..,..,..,..,..,..,..,..,..,..,..,..,..,..,..,..,..,..,..,..,..,..,..,..,..,..,..,..,..,..,..,..,..,..,..,..,..,..,..,..,..,..,8.8,..,..,..,..,..,..,..,..,..,10.6
Diabetes prevalence (% of population ages 20 to 79),SH.STA.DIAB.ZS,Colombia,COL,..,..,..,..,..,..,..,..,..,..,..,..,..,..,..,..,..,..,..,..,..,..,..,..,..,..,..,..,..,..,..,..,..,..,..,..,..,..,..,..,..,..,..,..,..,..,..,..,..,..,..,9.8,..,..,..,..,..,..,..,..,..,8.3
Diabetes prevalence (% of population ages 20 to 79),SH.STA.DIAB.ZS,Comoros,COM,..,..,..,..,..,..,..,..,..,..,..,..,..,..,..,..,..,..,..,..,..,..,..,..,..,..,..,..,..,..,..,..,..,..,..,..,..,..,..,..,..,..,..,..,..,..,..,..,..,..,..,8.4,..,..,..,..,..,..,..,..,..,11.7
Diabetes prevalence (% of population ages 20 to 79),SH.STA.DIAB.ZS,"Congo, Dem. Rep.",COD,..,..,..,..,..,..,..,..,..,..,..,..,..,..,..,..,..,..,..,..,..,..,..,..,..,..,..,..,..,..,..,..,..,..,..,..,..,..,..,..,..,..,..,..,..,..,..,..,..,..,..,3.1,..,..,..,..,..,..,..,..,..,5.8
Diabetes prevalence (% of population ages 20 to 79),SH.STA.DIAB.ZS,"Congo, Rep.",COG,..,..,..,..,..,..,..,..,..,..,..,..,..,..,..,..,..,..,..,..,..,..,..,..,..,..,..,..,..,..,..,..,..,..,..,..,..,..,..,..,..,..,..,..,..,..,..,..,..,..,..,5.5,..,..,..,..,..,..,..,..,..,5.5
Diabetes prevalence (% of population ages 20 to 79),SH.STA.DIAB.ZS,Costa Rica,CRI,..,..,..,..,..,..,..,..,..,..,..,..,..,..,..,..,..,..,..,..,..,..,..,..,..,..,..,..,..,..,..,..,..,..,..,..,..,..,..,..,..,..,..,..,..,..,..,..,..,..,..,9.6,..,..,..,..,..,..,..,..,..,8.8
Diabetes prevalence (% of population ages 20 to 79),SH.STA.DIAB.ZS,Cote d'Ivoire,CIV,..,..,..,..,..,..,..,..,..,..,..,..,..,..,..,..,..,..,..,..,..,..,..,..,..,..,..,..,..,..,..,..,..,..,..,..,..,..,..,..,..,..,..,..,..,..,..,..,..,..,..,4.9,..,..,..,..,..,..,..,..,..,2.1
Diabetes prevalence (% of population ages 20 to 79),SH.STA.DIAB.ZS,Croatia,HRV,..,..,..,..,..,..,..,..,..,..,..,..,..,..,..,..,..,..,..,..,..,..,..,..,..,..,..,..,..,..,..,..,..,..,..,..,..,..,..,..,..,..,..,..,..,..,..,..,..,..,..,5.2,..,..,..,..,..,..,..,..,..,4.8
Diabetes prevalence (% of population ages 20 to 79),SH.STA.DIAB.ZS,Cuba,CUB,..,..,..,..,..,..,..,..,..,..,..,..,..,..,..,..,..,..,..,..,..,..,..,..,..,..,..,..,..,..,..,..,..,..,..,..,..,..,..,..,..,..,..,..,..,..,..,..,..,..,..,9.4,..,..,..,..,..,..,..,..,..,7.6
Diabetes prevalence (% of population ages 20 to 79),SH.STA.DIAB.ZS,Curacao,CUW,..,..,..,..,..,..,..,..,..,..,..,..,..,..,..,..,..,..,..,..,..,..,..,..,..,..,..,..,..,..,..,..,..,..,..,..,..,..,..,..,..,..,..,..,..,..,..,..,..,..,..,..,..,..,..,..,..,..,..,..,..,11.7
Diabetes prevalence (% of population ages 20 to 79),SH.STA.DIAB.ZS,Cyprus,CYP,..,..,..,..,..,..,..,..,..,..,..,..,..,..,..,..,..,..,..,..,..,..,..,..,..,..,..,..,..,..,..,..,..,..,..,..,..,..,..,..,..,..,..,..,..,..,..,..,..,..,..,9.3,..,..,..,..,..,..,..,..,..,8.6
Diabetes prevalence (% of population ages 20 to 79),SH.STA.DIAB.ZS,Czech Republic,CZE,..,..,..,..,..,..,..,..,..,..,..,..,..,..,..,..,..,..,..,..,..,..,..,..,..,..,..,..,..,..,..,..,..,..,..,..,..,..,..,..,11.7,..,..,..,..,..,..,..,..,..,..,5.3,..,..,..,..,..,..,..,..,..,7.1
Diabetes prevalence (% of population ages 20 to 79),SH.STA.DIAB.ZS,Denmark,DNK,..,..,..,..,..,..,..,..,..,..,..,..,..,..,..,..,..,..,..,..,..,..,..,..,..,..,..,..,..,..,..,..,..,..,..,..,..,..,..,..,..,..,..,..,..,..,..,..,..,..,..,5.6,..,..,..,..,..,..,..,..,..,5.3
Diabetes prevalence (% of population ages 20 to 79),SH.STA.DIAB.ZS,Djibouti,DJI,..,..,..,..,..,..,..,..,..,..,..,..,..,..,..,..,..,..,..,..,..,..,..,..,..,..,..,..,..,..,..,..,..,..,..,..,..,..,..,..,..,..,..,..,..,..,..,..,..,..,..,6.3,..,..,..,..,..,..,..,..,..,7.4
Diabetes prevalence (% of population ages 20 to 79),SH.STA.DIAB.ZS,Dominica,DMA,..,..,..,..,..,..,..,..,..,..,..,..,..,..,..,..,..,..,..,..,..,..,..,..,..,..,..,..,..,..,..,..,..,..,..,..,..,..,..,..,..,..,..,..,..,..,..,..,..,..,..,8.9,..,..,..,..,..,..,..,..,..,11.7
Diabetes prevalence (% of population ages 20 to 79),SH.STA.DIAB.ZS,Dominican Republic,DOM,..,..,..,..,..,..,..,..,..,..,..,..,..,..,..,..,..,..,..,..,..,..,..,..,..,..,..,..,..,..,..,..,..,..,..,..,..,..,..,..,..,..,..,..,..,..,..,..,..,..,..,8.1,..,..,..,..,..,..,..,..,..,10.5
Diabetes prevalence (% of population ages 20 to 79),SH.STA.DIAB.ZS,Early-demographic dividend,EAR,..,..,..,..,..,..,..,..,..,..,..,..,..,..,..,..,..,..,..,..,..,..,..,..,..,..,..,..,..,..,..,..,..,..,..,..,..,..,..,..,..,..,..,..,..,..,..,..,..,..,..,8.8177745667741,..,..,..,..,..,..,..,..,..,11.4560800824133
Diabetes prevalence (% of population ages 20 to 79),SH.STA.DIAB.ZS,East Asia & Pacific,EAS,..,..,..,..,..,..,..,..,..,..,..,..,..,..,..,..,..,..,..,..,..,..,..,..,..,..,..,..,..,..,..,..,..,..,..,..,..,..,..,..,..,..,..,..,..,..,..,..,..,..,..,8.02849942045253,..,..,..,..,..,..,..,..,..,9.86346107848359
Diabetes prevalence (% of population ages 20 to 79),SH.STA.DIAB.ZS,East Asia & Pacific (excluding high income),EAP,..,..,..,..,..,..,..,..,..,..,..,..,..,..,..,..,..,..,..,..,..,..,..,..,..,..,..,..,..,..,..,..,..,..,..,..,..,..,..,..,..,..,..,..,..,..,..,..,..,..,..,8.07541255709234,..,..,..,..,..,..,..,..,..,10.2090961723198
Diabetes prevalence (% of population ages 20 to 79),SH.STA.DIAB.ZS,East Asia & Pacific (IDA & IBRD countries),TEA,..,..,..,..,..,..,..,..,..,..,..,..,..,..,..,..,..,..,..,..,..,..,..,..,..,..,..,..,..,..,..,..,..,..,..,..,..,..,..,..,..,..,..,..,..,..,..,..,..,..,..,8.0713573742299,..,..,..,..,..,..,..,..,..,10.229019465991
Diabetes prevalence (% of population ages 20 to 79),SH.STA.DIAB.ZS,Ecuador,ECU,..,..,..,..,..,..,..,..,..,..,..,..,..,..,..,..,..,..,..,..,..,..,..,..,..,..,..,..,..,..,..,..,..,..,..,..,..,..,..,..,..,..,..,..,..,..,..,..,..,..,..,6.6,..,..,..,..,..,..,..,..,..,4.4
Diabetes prevalence (% of population ages 20 to 79),SH.STA.DIAB.ZS,"Egypt, Arab Rep.",EGY,..,..,..,..,..,..,..,..,..,..,..,..,..,..,..,..,..,..,..,..,..,..,..,..,..,..,..,..,..,..,..,..,..,..,..,..,..,..,..,..,..,..,..,..,..,..,..,..,..,..,..,16.6,..,..,..,..,..,..,..,..,..,20.9
Diabetes prevalence (% of population ages 20 to 79),SH.STA.DIAB.ZS,El Salvador,SLV,..,..,..,..,..,..,..,..,..,..,..,..,..,..,..,..,..,..,..,..,..,..,..,..,..,..,..,..,..,..,..,..,..,..,..,..,..,..,..,..,..,..,..,..,..,..,..,..,..,..,..,9.4,..,..,..,..,..,..,..,..,..,6.3
Diabetes prevalence (% of population ages 20 to 79),SH.STA.DIAB.ZS,Equatorial Guinea,GNQ,..,..,..,..,..,..,..,..,..,..,..,..,..,..,..,..,..,..,..,..,..,..,..,..,..,..,..,..,..,..,..,..,..,..,..,..,..,..,..,..,..,..,..,..,..,..,..,..,..,..,..,4.2,..,..,..,..,..,..,..,..,..,5.5
Diabetes prevalence (% of population ages 20 to 79),SH.STA.DIAB.ZS,Eritrea,ERI,..,..,..,..,..,..,..,..,..,..,..,..,..,..,..,..,..,..,..,..,..,..,..,..,..,..,..,..,..,..,..,..,..,..,..,..,..,..,..,..,..,..,..,..,..,..,..,..,..,..,..,3.6,..,..,..,..,..,..,..,..,..,6.5
Diabetes prevalence (% of population ages 20 to 79),SH.STA.DIAB.ZS,Estonia,EST,..,..,..,..,..,..,..,..,..,..,..,..,..,..,..,..,..,..,..,..,..,..,..,..,..,..,..,..,..,..,..,..,..,..,..,..,..,..,..,..,..,..,..,..,..,..,..,..,..,..,..,7,..,..,..,..,..,..,..,..,..,6.5
Diabetes prevalence (% of population ages 20 to 79),SH.STA.DIAB.ZS,Eswatini,SWZ,..,..,..,..,..,..,..,..,..,..,..,..,..,..,..,..,..,..,..,..,..,..,..,..,..,..,..,..,..,..,..,..,..,..,..,..,..,..,..,..,..,..,..,..,..,..,..,..,..,..,..,3.1,..,..,..,..,..,..,..,..,..,4.6
Diabetes prevalence (% of population ages 20 to 79),SH.STA.DIAB.ZS,Ethiopia,ETH,..,..,..,..,..,..,..,..,..,..,..,..,..,..,..,..,..,..,..,..,..,..,..,..,..,..,..,..,..,..,..,..,..,..,..,..,..,..,..,..,..,..,..,..,..,..,..,..,..,..,..,3.4,..,..,..,..,..,..,..,..,..,5
Diabetes prevalence (% of population ages 20 to 79),SH.STA.DIAB.ZS,Euro area,EMU,..,..,..,..,..,..,..,..,..,..,..,..,..,..,..,..,..,..,..,..,..,..,..,..,..,..,..,..,..,..,..,..,..,..,..,..,..,..,..,..,..,..,..,..,..,..,..,..,..,..,..,5.65468664848936,..,..,..,..,..,..,..,..,..,6.63987222024185
Diabetes prevalence (% of population ages 20 to 79),SH.STA.DIAB.ZS,Europe & Central Asia,ECS,..,..,..,..,..,..,..,..,..,..,..,..,..,..,..,..,..,..,..,..,..,..,..,..,..,..,..,..,..,..,..,..,..,..,..,..,..,..,..,..,..,..,..,..,..,..,..,..,..,..,..,6.54732499212877,..,..,..,..,..,..,..,..,..,7.04157334870854
Diabetes prevalence (% of population ages 20 to 79),SH.STA.DIAB.ZS,Europe & Central Asia (excluding high income),ECA,..,..,..,..,..,..,..,..,..,..,..,..,..,..,..,..,..,..,..,..,..,..,..,..,..,..,..,..,..,..,..,..,..,..,..,..,..,..,..,..,..,..,..,..,..,..,..,..,..,..,..,7.48741580429416,..,..,..,..,..,..,..,..,..,7.75007773039349
Diabetes prevalence (% of population ages 20 to 79),SH.STA.DIAB.ZS,Europe & Central Asia (IDA & IBRD countries),TEC,..,..,..,..,..,..,..,..,..,..,..,..,..,..,..,..,..,..,..,..,..,..,..,..,..,..,..,..,..,..,..,..,..,..,..,..,..,..,..,..,..,..,..,..,..,..,..,..,..,..,..,7.60140594298543,..,..,..,..,..,..,..,..,..,7.63911848890054
Diabetes prevalence (% of population ages 20 to 79),SH.STA.DIAB.ZS,European Union,EUU,..,..,..,..,..,..,..,..,..,..,..,..,..,..,..,..,..,..,..,..,..,..,..,..,..,..,..,..,..,..,..,..,..,..,..,..,..,..,..,..,..,..,..,..,..,..,..,..,..,..,..,6.0186977688377,..,..,..,..,..,..,..,..,..,6.60704328725321
Diabetes prevalence (% of population ages 20 to 79),SH.STA.DIAB.ZS,Faroe Islands,FRO,..,..,..,..,..,..,..,..,..,..,..,..,..,..,..,..,..,..,..,..,..,..,..,..,..,..,..,..,..,..,..,..,..,..,..,..,..,..,..,..,..,..,..,..,..,..,..,..,..,..,..,..,..,..,..,..,..,..,..,..,..,3.8
Diabetes prevalence (% of population ages 20 to 79),SH.STA.DIAB.ZS,Fiji,FJI,..,..,..,..,..,..,..,..,..,..,..,..,..,..,..,..,..,..,..,..,..,..,..,..,..,..,..,..,..,..,..,..,..,..,..,..,..,..,..,..,..,..,..,..,..,..,..,..,..,..,..,10.9,..,..,..,..,..,..,..,..,..,17.7
Diabetes prevalence (% of population ages 20 to 79),SH.STA.DIAB.ZS,Finland,FIN,..,..,..,..,..,..,..,..,..,..,..,..,..,..,..,..,..,..,..,..,..,..,..,..,..,..,..,..,..,..,..,..,..,..,..,..,..,..,..,..,..,..,..,..,..,..,..,..,..,..,..,5.8,..,..,..,..,..,..,..,..,..,6.1
Diabetes prevalence (% of population ages 20 to 79),SH.STA.DIAB.ZS,Fragile and conflict affected situations,FCS,..,..,..,..,..,..,..,..,..,..,..,..,..,..,..,..,..,..,..,..,..,..,..,..,..,..,..,..,..,..,..,..,..,..,..,..,..,..,..,..,..,..,..,..,..,..,..,..,..,..,..,5.93839037536679,..,..,..,..,..,..,..,..,..,6.669405670825
Diabetes prevalence (% of population ages 20 to 79),SH.STA.DIAB.ZS,France,FRA,..,..,..,..,..,..,..,..,..,..,..,..,..,..,..,..,..,..,..,..,..,..,..,..,..,..,..,..,..,..,..,..,..,..,..,..,..,..,..,..,..,..,..,..,..,..,..,..,..,..,..,5.4,..,..,..,..,..,..,..,..,..,5.3
Diabetes prevalence (% of population ages 20 to 79),SH.STA.DIAB.ZS,French Polynesia,PYF,..,..,..,..,..,..,..,..,..,..,..,..,..,..,..,..,..,..,..,..,..,..,..,..,..,..,..,..,..,..,..,..,..,..,..,..,..,..,..,..,..,..,..,..,..,..,..,..,..,..,..,8.6,..,..,..,..,..,..,..,..,..,25.2
Diabetes prevalence (% of population ages 20 to 79),SH.STA.DIAB.ZS,Gabon,GAB,..,..,..,..,..,..,..,..,..,..,..,..,..,..,..,..,..,..,..,..,..,..,..,..,..,..,..,..,..,..,..,..,..,..,..,..,..,..,..,..,..,..,..,..,..,..,..,..,..,..,..,10.3,..,..,..,..,..,..,..,..,..,5.5
Diabetes prevalence (% of population ages 20 to 79),SH.STA.DIAB.ZS,"Gambia, The",GMB,..,..,..,..,..,..,..,..,..,..,..,..,..,..,..,..,..,..,..,..,..,..,..,..,..,..,..,..,..,..,..,..,..,..,..,..,..,..,..,..,..,..,..,..,..,..,..,..,..,..,..,2,..,..,..,..,..,..,..,..,..,1.9
Diabetes prevalence (% of population ages 20 to 79),SH.STA.DIAB.ZS,Georgia,GEO,..,..,..,..,..,..,..,..,..,..,..,..,..,..,..,..,..,..,..,..,..,..,..,..,..,..,..,..,..,..,..,..,..,..,..,..,..,..,..,..,..,..,..,..,..,..,..,..,..,..,..,2.8,..,..,..,..,..,..,..,..,..,5.7
Diabetes prevalence (% of population ages 20 to 79),SH.STA.DIAB.ZS,Germany,DEU,..,..,..,..,..,..,..,..,..,..,..,..,..,..,..,..,..,..,..,..,..,..,..,..,..,..,..,..,..,..,..,..,..,..,..,..,..,..,..,..,..,..,..,..,..,..,..,..,..,..,..,5.3,..,..,..,..,..,..,..,..,..,6.9
Diabetes prevalence (% of population ages 20 to 79),SH.STA.DIAB.ZS,Ghana,GHA,..,..,..,..,..,..,..,..,..,..,..,..,..,..,..,..,..,..,..,..,..,..,..,..,..,..,..,..,..,..,..,..,..,..,..,..,..,..,..,..,..,..,..,..,..,..,..,..,..,..,..,5,..,..,..,..,..,..,..,..,..,2.6
Diabetes prevalence (% of population ages 20 to 79),SH.STA.DIAB.ZS,Gibraltar,GIB,..,..,..,..,..,..,..,..,..,..,..,..,..,..,..,..,..,..,..,..,..,..,..,..,..,..,..,..,..,..,..,..,..,..,..,..,..,..,..,..,..,..,..,..,..,..,..,..,..,..,..,..,..,..,..,..,..,..,..,..,..,..
Diabetes prevalence (% of population ages 20 to 79),SH.STA.DIAB.ZS,Greece,GRC,..,..,..,..,..,..,..,..,..,..,..,..,..,..,..,..,..,..,..,..,..,..,..,..,..,..,..,..,..,..,..,..,..,..,..,..,..,..,..,..,..,..,..,..,..,..,..,..,..,..,..,5.1,..,..,..,..,..,..,..,..,..,6.4
Diabetes prevalence (% of population ages 20 to 79),SH.STA.DIAB.ZS,Greenland,GRL,..,..,..,..,..,..,..,..,..,..,..,..,..,..,..,..,..,..,..,..,..,..,..,..,..,..,..,..,..,..,..,..,..,..,..,..,..,..,..,..,..,..,..,..,..,..,..,..,..,..,..,..,..,..,..,..,..,..,..,..,..,3.3
Diabetes prevalence (% of population ages 20 to 79),SH.STA.DIAB.ZS,Grenada,GRD,..,..,..,..,..,..,..,..,..,..,..,..,..,..,..,..,..,..,..,..,..,..,..,..,..,..,..,..,..,..,..,..,..,..,..,..,..,..,..,..,12.1,..,..,..,..,..,..,..,..,..,..,8.6,..,..,..,..,..,..,..,..,..,12.6
Diabetes prevalence (% of population ages 20 to 79),SH.STA.DIAB.ZS,Guam,GUM,..,..,..,..,..,..,..,..,..,..,..,..,..,..,..,..,..,..,..,..,..,..,..,..,..,..,..,..,..,..,..,..,..,..,..,..,..,..,..,..,..,..,..,..,..,..,..,..,..,..,..,8.6,..,..,..,..,..,..,..,..,..,19.1
Diabetes prevalence (% of population ages 20 to 79),SH.STA.DIAB.ZS,Guatemala,GTM,..,..,..,..,..,..,..,..,..,..,..,..,..,..,..,..,..,..,..,..,..,..,..,..,..,..,..,..,..,..,..,..,..,..,..,..,..,..,..,..,..,..,..,..,..,..,..,..,..,..,..,9.3,..,..,..,..,..,..,..,..,..,13.1
Diabetes prevalence (% of population ages 20 to 79),SH.STA.DIAB.ZS,Guinea,GIN,..,..,..,..,..,..,..,..,..,..,..,..,..,..,..,..,..,..,..,..,..,..,..,..,..,..,..,..,..,..,..,..,..,..,..,..,..,..,..,..,..,..,..,..,..,..,..,..,..,..,..,4.4,..,..,..,..,..,..,..,..,..,2.1
Diabetes prevalence (% of population ages 20 to 79),SH.STA.DIAB.ZS,Guinea-Bissau,GNB,..,..,..,..,..,..,..,..,..,..,..,..,..,..,..,..,..,..,..,..,..,..,..,..,..,..,..,..,..,..,..,..,..,..,..,..,..,..,..,..,..,..,..,..,..,..,..,..,..,..,..,3,..,..,..,..,..,..,..,..,..,2.1
Diabetes prevalence (% of population ages 20 to 79),SH.STA.DIAB.ZS,Guyana,GUY,..,..,..,..,..,..,..,..,..,..,..,..,..,..,..,..,..,..,..,..,..,..,..,..,..,..,..,..,..,..,..,..,..,..,..,..,..,..,..,..,..,..,..,..,..,..,..,..,..,..,..,16.7,..,..,..,..,..,..,..,..,..,11.7
Diabetes prevalence (% of population ages 20 to 79),SH.STA.DIAB.ZS,Haiti,HTI,..,..,..,..,..,..,..,..,..,..,..,..,..,..,..,..,..,..,..,..,..,..,..,..,..,..,..,..,..,..,..,..,..,..,..,..,..,..,..,..,..,..,..,..,..,..,..,..,..,..,..,6.6,..,..,..,..,..,..,..,..,..,8.9
Diabetes prevalence (% of population ages 20 to 79),SH.STA.DIAB.ZS,Heavily indebted poor countries (HIPC),HPC,..,..,..,..,..,..,..,..,..,..,..,..,..,..,..,..,..,..,..,..,..,..,..,..,..,..,..,..,..,..,..,..,..,..,..,..,..,..,..,..,..,..,..,..,..,..,..,..,..,..,..,4.36838109482696,..,..,..,..,..,..,..,..,..,6.4292656949314
Diabetes prevalence (% of population ages 20 to 79),SH.STA.DIAB.ZS,High income,HIC,..,..,..,..,..,..,..,..,..,..,..,..,..,..,..,..,..,..,..,..,..,..,..,..,..,..,..,..,..,..,..,..,..,..,..,..,..,..,..,..,..,..,..,..,..,..,..,..,..,..,..,7.8057347641784,..,..,..,..,..,..,..,..,..,8.4307011500801
Diabetes prevalence (% of population ages 20 to 79),SH.STA.DIAB.ZS,Honduras,HND,..,..,..,..,..,..,..,..,..,..,..,..,..,..,..,..,..,..,..,..,..,..,..,..,..,..,..,..,..,..,..,..,..,..,..,..,..,..,..,..,..,..,..,..,..,..,..,..,..,..,..,6.7,..,..,..,..,..,..,..,..,..,5.1
Diabetes prevalence (% of population ages 20 to 79),SH.STA.DIAB.ZS,"Hong Kong SAR, China",HKG,..,..,..,..,..,..,..,..,..,..,..,..,..,..,..,..,..,..,..,..,..,..,..,..,..,..,..,..,..,..,..,..,..,..,..,..,..,..,..,..,12.1,..,..,..,..,..,..,..,..,..,..,7.6,..,..,..,..,..,..,..,..,..,7.8
Diabetes prevalence (% of population ages 20 to 79),SH.STA.DIAB.ZS,Hungary,HUN,..,..,..,..,..,..,..,..,..,..,..,..,..,..,..,..,..,..,..,..,..,..,..,..,..,..,..,..,..,..,..,..,..,..,..,..,..,..,..,..,..,..,..,..,..,..,..,..,..,..,..,6,..,..,..,..,..,..,..,..,..,7
Diabetes prevalence (% of population ages 20 to 79),SH.STA.DIAB.ZS,IBRD only,IBD,..,..,..,..,..,..,..,..,..,..,..,..,..,..,..,..,..,..,..,..,..,..,..,..,..,..,..,..,..,..,..,..,..,..,..,..,..,..,..,..,..,..,..,..,..,..,..,..,..,..,..,..,..,..,..,..,..,..,..,..,..,..
Diabetes prevalence (% of population ages 20 to 79),SH.STA.DIAB.ZS,Iceland,ISL,..,..,..,..,..,..,..,..,..,..,..,..,..,..,..,..,..,..,..,..,..,..,..,..,..,..,..,..,..,..,..,..,..,..,..,..,..,..,..,..,..,..,..,..,..,..,..,..,..,..,..,3.2,..,..,..,..,..,..,..,..,..,5.5
Diabetes prevalence (% of population ages 20 to 79),SH.STA.DIAB.ZS,IDA & IBRD total,IBT,..,..,..,..,..,..,..,..,..,..,..,..,..,..,..,..,..,..,..,..,..,..,..,..,..,..,..,..,..,..,..,..,..,..,..,..,..,..,..,..,..,..,..,..,..,..,..,..,..,..,..,8.24042261822512,..,..,..,..,..,..,..,..,..,10.0825502772814
Diabetes prevalence (% of population ages 20 to 79),SH.STA.DIAB.ZS,IDA blend,IDB,..,..,..,..,..,..,..,..,..,..,..,..,..,..,..,..,..,..,..,..,..,..,..,..,..,..,..,..,..,..,..,..,..,..,..,..,..,..,..,..,..,..,..,..,..,..,..,..,..,..,..,..,..,..,..,..,..,..,..,..,..,..
Diabetes prevalence (% of population ages 20 to 79),SH.STA.DIAB.ZS,IDA only,IDX,..,..,..,..,..,..,..,..,..,..,..,..,..,..,..,..,..,..,..,..,..,..,..,..,..,..,..,..,..,..,..,..,..,..,..,..,..,..,..,..,..,..,..,..,..,..,..,..,..,..,..,..,..,..,..,..,..,..,..,..,..,..
Diabetes prevalence (% of population ages 20 to 79),SH.STA.DIAB.ZS,IDA total,IDA,..,..,..,..,..,..,..,..,..,..,..,..,..,..,..,..,..,..,..,..,..,..,..,..,..,..,..,..,..,..,..,..,..,..,..,..,..,..,..,..,..,..,..,..,..,..,..,..,..,..,..,..,..,..,..,..,..,..,..,..,..,..
Diabetes prevalence (% of population ages 20 to 79),SH.STA.DIAB.ZS,India,IND,..,..,..,..,..,..,..,..,..,..,..,..,..,..,..,..,..,..,..,..,..,..,..,..,..,..,..,..,..,..,..,..,..,..,..,..,..,..,..,..,..,..,..,..,..,..,..,..,..,..,..,9,..,..,..,..,..,..,..,..,..,9.6
Diabetes prevalence (% of population ages 20 to 79),SH.STA.DIAB.ZS,Indonesia,IDN,..,..,..,..,..,..,..,..,..,..,..,..,..,..,..,..,..,..,..,..,..,..,..,..,..,..,..,..,..,..,..,..,..,..,..,..,..,..,..,..,..,..,..,..,..,..,..,..,..,..,..,5.1,..,..,..,..,..,..,..,..,..,10.6
Diabetes prevalence (% of population ages 20 to 79),SH.STA.DIAB.ZS,"Iran, Islamic Rep.",IRN,..,..,..,..,..,..,..,..,..,..,..,..,..,..,..,..,..,..,..,..,..,..,..,..,..,..,..,..,..,..,..,..,..,..,..,..,..,..,..,..,..,..,..,..,..,..,..,..,..,..,..,11.1,..,..,..,..,..,..,..,..,..,9.1
Diabetes prevalence (% of population ages 20 to 79),SH.STA.DIAB.ZS,Iraq,IRQ,..,..,..,..,..,..,..,..,..,..,..,..,..,..,..,..,..,..,..,..,..,..,..,..,..,..,..,..,..,..,..,..,..,..,..,..,..,..,..,..,..,..,..,..,..,..,..,..,..,..,..,9.1,..,..,..,..,..,..,..,..,..,10.7
Diabetes prevalence (% of population ages 20 to 79),SH.STA.DIAB.ZS,Ireland,IRL,..,..,..,..,..,..,..,..,..,..,..,..,..,..,..,..,..,..,..,..,..,..,..,..,..,..,..,..,..,..,..,..,..,..,..,..,..,..,..,..,..,..,..,..,..,..,..,..,..,..,..,5.2,..,..,..,..,..,..,..,..,..,3
Diabetes prevalence (% of population ages 20 to 79),SH.STA.DIAB.ZS,Isle of Man,IMN,..,..,..,..,..,..,..,..,..,..,..,..,..,..,..,..,..,..,..,..,..,..,..,..,..,..,..,..,..,..,..,..,..,..,..,..,..,..,..,..,..,..,..,..,..,..,..,..,..,..,..,..,..,..,..,..,..,..,..,..,..,6.3
Diabetes prevalence (% of population ages 20 to 79),SH.STA.DIAB.ZS,Israel,ISR,..,..,..,..,..,..,..,..,..,..,..,..,..,..,..,..,..,..,..,..,..,..,..,..,..,..,..,..,..,..,..,..,..,..,..,..,..,..,..,..,..,..,..,..,..,..,..,..,..,..,..,7.4,..,..,..,..,..,..,..,..,..,8.5
Diabetes prevalence (% of population ages 20 to 79),SH.STA.DIAB.ZS,Italy,ITA,..,..,..,..,..,..,..,..,..,..,..,..,..,..,..,..,..,..,..,..,..,..,..,..,..,..,..,..,..,..,..,..,..,..,..,..,..,..,..,..,..,..,..,..,..,..,..,..,..,..,..,5.1,..,..,..,..,..,..,..,..,..,6.4
Diabetes prevalence (% of population ages 20 to 79),SH.STA.DIAB.ZS,Jamaica,JAM,..,..,..,..,..,..,..,..,..,..,..,..,..,..,..,..,..,..,..,..,..,..,..,..,..,..,..,..,..,..,..,..,..,..,..,..,..,..,..,..,..,..,..,..,..,..,..,..,..,..,..,15.7,..,..,..,..,..,..,..,..,..,11.1
Diabetes prevalence (% of population ages 20 to 79),SH.STA.DIAB.ZS,Japan,JPN,..,..,..,..,..,..,..,..,..,..,..,..,..,..,..,..,..,..,..,..,..,..,..,..,..,..,..,..,..,..,..,..,..,..,..,..,..,..,..,..,..,..,..,..,..,..,..,..,..,..,..,7.7,..,..,..,..,..,..,..,..,..,6.6
Diabetes prevalence (% of population ages 20 to 79),SH.STA.DIAB.ZS,Jordan,JOR,..,..,..,..,..,..,..,..,..,..,..,..,..,..,..,..,..,..,..,..,..,..,..,..,..,..,..,..,..,..,..,..,..,..,..,..,..,..,..,..,..,..,..,..,..,..,..,..,..,..,..,12.1,..,..,..,..,..,..,..,..,..,15.4
Diabetes prevalence (% of population ages 20 to 79),SH.STA.DIAB.ZS,Kazakhstan,KAZ,..,..,..,..,..,..,..,..,..,..,..,..,..,..,..,..,..,..,..,..,..,..,..,..,..,..,..,..,..,..,..,..,..,..,..,..,..,..,..,..,..,..,..,..,..,..,..,..,..,..,..,7.7,..,..,..,..,..,..,..,..,..,6.6
Diabetes prevalence (% of population ages 20 to 79),SH.STA.DIAB.ZS,Kenya,KEN,..,..,..,..,..,..,..,..,..,..,..,..,..,..,..,..,..,..,..,..,..,..,..,..,..,..,..,..,..,..,..,..,..,..,..,..,..,..,..,..,..,..,..,..,..,..,..,..,..,..,..,5.1,..,..,..,..,..,..,..,..,..,4
Diabetes prevalence (% of population ages 20 to 79),SH.STA.DIAB.ZS,Kiribati,KIR,..,..,..,..,..,..,..,..,..,..,..,..,..,..,..,..,..,..,..,..,..,..,..,..,..,..,..,..,..,..,..,..,..,..,..,..,..,..,..,..,..,..,..,..,..,..,..,..,..,..,..,25.3,..,..,..,..,..,..,..,..,..,22.1
Diabetes prevalence (% of population ages 20 to 79),SH.STA.DIAB.ZS,"Korea, Dem. People's Rep.",PRK,..,..,..,..,..,..,..,..,..,..,..,..,..,..,..,..,..,..,..,..,..,..,..,..,..,..,..,..,..,..,..,..,..,..,..,..,..,..,..,..,..,..,..,..,..,..,..,..,..,..,..,8.4,..,..,..,..,..,..,..,..,..,8.6
Diabetes prevalence (% of population ages 20 to 79),SH.STA.DIAB.ZS,"Korea, Rep.",KOR,..,..,..,..,..,..,..,..,..,..,..,..,..,..,..,..,..,..,..,..,..,..,..,..,..,..,..,..,..,..,..,..,..,..,..,..,..,..,..,..,..,..,..,..,..,..,..,..,..,..,..,7.5,..,..,..,..,..,..,..,..,..,6.8
Diabetes prevalence (% of population ages 20 to 79),SH.STA.DIAB.ZS,Kosovo,XKX,..,..,..,..,..,..,..,..,..,..,..,..,..,..,..,..,..,..,..,..,..,..,..,..,..,..,..,..,..,..,..,..,..,..,..,..,..,..,..,..,..,..,..,..,..,..,..,..,..,..,..,..,..,..,..,..,..,..,..,..,..,..
Diabetes prevalence (% of population ages 20 to 79),SH.STA.DIAB.ZS,Kuwait,KWT,..,..,..,..,..,..,..,..,..,..,..,..,..,..,..,..,..,..,..,..,..,..,..,..,..,..,..,..,..,..,..,..,..,..,..,..,..,..,..,..,..,..,..,..,..,..,..,..,..,..,..,20.7,..,..,..,..,..,..,..,..,..,24.9
Diabetes prevalence (% of population ages 20 to 79),SH.STA.DIAB.ZS,Kyrgyz Republic,KGZ,..,..,..,..,..,..,..,..,..,..,..,..,..,..,..,..,..,..,..,..,..,..,..,..,..,..,..,..,..,..,..,..,..,..,..,..,..,..,..,..,..,..,..,..,..,..,..,..,..,..,..,6.3,..,..,..,..,..,..,..,..,..,6.6
Diabetes prevalence (% of population ages 20 to 79),SH.STA.DIAB.ZS,Lao PDR,LAO,..,..,..,..,..,..,..,..,..,..,..,..,..,..,..,..,..,..,..,..,..,..,..,..,..,..,..,..,..,..,..,..,..,..,..,..,..,..,..,..,..,..,..,..,..,..,..,..,..,..,..,3.3,..,..,..,..,..,..,..,..,..,6.2
Diabetes prevalence (% of population ages 20 to 79),SH.STA.DIAB.ZS,Late-demographic dividend,LTE,..,..,..,..,..,..,..,..,..,..,..,..,..,..,..,..,..,..,..,..,..,..,..,..,..,..,..,..,..,..,..,..,..,..,..,..,..,..,..,..,..,..,..,..,..,..,..,..,..,..,..,8.76246384972649,..,..,..,..,..,..,..,..,..,9.79023558931027
Diabetes prevalence (% of population ages 20 to 79),SH.STA.DIAB.ZS,Latin America & Caribbean,LCN,..,..,..,..,..,..,..,..,..,..,..,..,..,..,..,..,..,..,..,..,..,..,..,..,..,..,..,..,..,..,..,..,..,..,..,..,..,..,..,..,..,..,..,..,..,..,..,..,..,..,..,10.2837930159292,..,..,..,..,..,..,..,..,..,9.89317368522109
Diabetes prevalence (% of population ages 20 to 79),SH.STA.DIAB.ZS,Latin America & Caribbean (excluding high income),LAC,..,..,..,..,..,..,..,..,..,..,..,..,..,..,..,..,..,..,..,..,..,..,..,..,..,..,..,..,..,..,..,..,..,..,..,..,..,..,..,..,..,..,..,..,..,..,..,..,..,..,..,10.3152937145055,..,..,..,..,..,..,..,..,..,9.85205581375052
Diabetes prevalence (% of population ages 20 to 79),SH.STA.DIAB.ZS,Latin America & the Caribbean (IDA & IBRD countries),TLA,..,..,..,..,..,..,..,..,..,..,..,..,..,..,..,..,..,..,..,..,..,..,..,..,..,..,..,..,..,..,..,..,..,..,..,..,..,..,..,..,..,..,..,..,..,..,..,..,..,..,..,10.2812645676231,..,..,..,..,..,..,..,..,..,9.91721691245958
Diabetes prevalence (% of population ages 20 to 79),SH.STA.DIAB.ZS,Latvia,LVA,..,..,..,..,..,..,..,..,..,..,..,..,..,..,..,..,..,..,..,..,..,..,..,..,..,..,..,..,..,..,..,..,..,..,..,..,..,..,..,..,..,..,..,..,..,..,..,..,..,..,..,7.8,..,..,..,..,..,..,..,..,..,5.9
Diabetes prevalence (% of population ages 20 to 79),SH.STA.DIAB.ZS,Least developed countries: UN classification,LDC,..,..,..,..,..,..,..,..,..,..,..,..,..,..,..,..,..,..,..,..,..,..,..,..,..,..,..,..,..,..,..,..,..,..,..,..,..,..,..,..,..,..,..,..,..,..,..,..,..,..,..,5.68566497486804,..,..,..,..,..,..,..,..,..,8.17079015025755
Diabetes prevalence (% of population ages 20 to 79),SH.STA.DIAB.ZS,Lebanon,LBN,..,..,..,..,..,..,..,..,..,..,..,..,..,..,..,..,..,..,..,..,..,..,..,..,..,..,..,..,..,..,..,..,..,..,..,..,..,..,..,..,..,..,..,..,..,..,..,..,..,..,..,19.6,..,..,..,..,..,..,..,..,..,8
Diabetes prevalence (% of population ages 20 to 79),SH.STA.DIAB.ZS,Lesotho,LSO,..,..,..,..,..,..,..,..,..,..,..,..,..,..,..,..,..,..,..,..,..,..,..,..,..,..,..,..,..,..,..,..,..,..,..,..,..,..,..,..,..,..,..,..,..,..,..,..,..,..,..,3.4,..,..,..,..,..,..,..,..,..,4.6
Diabetes prevalence (% of population ages 20 to 79),SH.STA.DIAB.ZS,Liberia,LBR,..,..,..,..,..,..,..,..,..,..,..,..,..,..,..,..,..,..,..,..,..,..,..,..,..,..,..,..,..,..,..,..,..,..,..,..,..,..,..,..,..,..,..,..,..,..,..,..,..,..,..,3.3,..,..,..,..,..,..,..,..,..,2.1
Diabetes prevalence (% of population ages 20 to 79),SH.STA.DIAB.ZS,Libya,LBY,..,..,..,..,..,..,..,..,..,..,..,..,..,..,..,..,..,..,..,..,..,..,..,..,..,..,..,..,..,..,..,..,..,..,..,..,..,..,..,..,..,..,..,..,..,..,..,..,..,..,..,13.8,..,..,..,..,..,..,..,..,..,8.7
Diabetes prevalence (% of population ages 20 to 79),SH.STA.DIAB.ZS,Liechtenstein,LIE,..,..,..,..,..,..,..,..,..,..,..,..,..,..,..,..,..,..,..,..,..,..,..,..,..,..,..,..,..,..,..,..,..,..,..,..,..,..,..,..,..,..,..,..,..,..,..,..,..,..,..,4.7,..,..,..,..,..,..,..,..,..,6.1
Diabetes prevalence (% of population ages 20 to 79),SH.STA.DIAB.ZS,Lithuania,LTU,..,..,..,..,..,..,..,..,..,..,..,..,..,..,..,..,..,..,..,..,..,..,..,..,..,..,..,..,..,..,..,..,..,..,..,..,..,..,..,..,..,..,..,..,..,..,..,..,..,..,..,7.8,..,..,..,..,..,..,..,..,..,5.8
Diabetes prevalence (% of population ages 20 to 79),SH.STA.DIAB.ZS,Low & middle income,LMY,..,..,..,..,..,..,..,..,..,..,..,..,..,..,..,..,..,..,..,..,..,..,..,..,..,..,..,..,..,..,..,..,..,..,..,..,..,..,..,..,..,..,..,..,..,..,..,..,..,..,..,8.2276130017134,..,..,..,..,..,..,..,..,..,10.0961360154614
Diabetes prevalence (% of population ages 20 to 79),SH.STA.DIAB.ZS,Low income,LIC,..,..,..,..,..,..,..,..,..,..,..,..,..,..,..,..,..,..,..,..,..,..,..,..,..,..,..,..,..,..,..,..,..,..,..,..,..,..,..,..,..,..,..,..,..,..,..,..,..,..,..,4.93790694158608,..,..,..,..,..,..,..,..,..,6.66958786984837
Diabetes prevalence (% of population ages 20 to 79),SH.STA.DIAB.ZS,Lower middle income,LMC,..,..,..,..,..,..,..,..,..,..,..,..,..,..,..,..,..,..,..,..,..,..,..,..,..,..,..,..,..,..,..,..,..,..,..,..,..,..,..,..,..,..,..,..,..,..,..,..,..,..,..,7.90347719079536,..,..,..,..,..,..,..,..,..,10.5272978497636
Diabetes prevalence (% of population ages 20 to 79),SH.STA.DIAB.ZS,Luxembourg,LUX,..,..,..,..,..,..,..,..,..,..,..,..,..,..,..,..,..,..,..,..,..,..,..,..,..,..,..,..,..,..,..,..,..,..,..,..,..,..,..,..,..,..,..,..,..,..,..,..,..,..,..,4.5,..,..,..,..,..,..,..,..,..,5.9
Diabetes prevalence (% of population ages 20 to 79),SH.STA.DIAB.ZS,"Macao SAR, China",MAC,..,..,..,..,..,..,..,..,..,..,..,..,..,..,..,..,..,..,..,..,..,..,..,..,..,..,..,..,..,..,..,..,..,..,..,..,..,..,..,..,..,..,..,..,..,..,..,..,..,..,..,7.2,..,..,..,..,..,..,..,..,..,7.8
Diabetes prevalence (% of population ages 20 to 79),SH.STA.DIAB.ZS,Madagascar,MDG,..,..,..,..,..,..,..,..,..,..,..,..,..,..,..,..,..,..,..,..,..,..,..,..,..,..,..,..,..,..,..,..,..,..,..,..,..,..,..,..,..,..,..,..,..,..,..,..,..,..,..,4.7,..,..,..,..,..,..,..,..,..,4.6
Diabetes prevalence (% of population ages 20 to 79),SH.STA.DIAB.ZS,Malawi,MWI,..,..,..,..,..,..,..,..,..,..,..,..,..,..,..,..,..,..,..,..,..,..,..,..,..,..,..,..,..,..,..,..,..,..,..,..,..,..,..,..,..,..,..,..,..,..,..,..,..,..,..,5.6,..,..,..,..,..,..,..,..,..,7.3
Diabetes prevalence (% of population ages 20 to 79),SH.STA.DIAB.ZS,Malaysia,MYS,..,..,..,..,..,..,..,..,..,..,..,..,..,..,..,..,..,..,..,..,..,..,..,..,..,..,..,..,..,..,..,..,..,..,..,..,..,..,..,..,..,..,..,..,..,..,..,..,..,..,..,12.1,..,..,..,..,..,..,..,..,..,19
Diabetes prevalence (% of population ages 20 to 79),SH.STA.DIAB.ZS,Maldives,MDV,..,..,..,..,..,..,..,..,..,..,..,..,..,..,..,..,..,..,..,..,..,..,..,..,..,..,..,..,..,..,..,..,..,..,..,..,..,..,..,..,..,..,..,..,..,..,..,..,..,..,..,9.2,..,..,..,..,..,..,..,..,..,9.2
Diabetes prevalence (% of population ages 20 to 79),SH.STA.DIAB.ZS,Mali,MLI,..,..,..,..,..,..,..,..,..,..,..,..,..,..,..,..,..,..,..,..,..,..,..,..,..,..,..,..,..,..,..,..,..,..,..,..,..,..,..,..,..,..,..,..,..,..,..,..,..,..,..,1.9,..,..,..,..,..,..,..,..,..,2.1
Diabetes prevalence (% of population ages 20 to 79),SH.STA.DIAB.ZS,Malta,MLT,..,..,..,..,..,..,..,..,..,..,..,..,..,..,..,..,..,..,..,..,..,..,..,..,..,..,..,..,..,..,..,..,..,..,..,..,..,..,..,..,..,..,..,..,..,..,..,..,..,..,..,6.6,..,..,..,..,..,..,..,..,..,8
Diabetes prevalence (% of population ages 20 to 79),SH.STA.DIAB.ZS,Marshall Islands,MHL,..,..,..,..,..,..,..,..,..,..,..,..,..,..,..,..,..,..,..,..,..,..,..,..,..,..,..,..,..,..,..,..,..,..,..,..,..,..,..,..,..,..,..,..,..,..,..,..,..,..,..,21.8,..,..,..,..,..,..,..,..,..,23
Diabetes prevalence (% of population ages 20 to 79),SH.STA.DIAB.ZS,Mauritania,MRT,..,..,..,..,..,..,..,..,..,..,..,..,..,..,..,..,..,..,..,..,..,..,..,..,..,..,..,..,..,..,..,..,..,..,..,..,..,..,..,..,..,..,..,..,..,..,..,..,..,..,..,4.3,..,..,..,..,..,..,..,..,..,2.1
Diabetes prevalence (% of population ages 20 to 79),SH.STA.DIAB.ZS,Mauritius,MUS,..,..,..,..,..,..,..,..,..,..,..,..,..,..,..,..,..,..,..,..,..,..,..,..,..,..,..,..,..,..,..,..,..,..,..,..,..,..,..,..,15,..,..,..,..,..,..,..,..,..,..,14.8,..,..,..,..,..,..,..,..,..,22.6
Diabetes prevalence (% of population ages 20 to 79),SH.STA.DIAB.ZS,Mexico,MEX,..,..,..,..,..,..,..,..,..,..,..,..,..,..,..,..,..,..,..,..,..,..,..,..,..,..,..,..,..,..,..,..,..,..,..,..,..,..,..,..,14.2,..,..,..,..,..,..,..,..,..,..,15.6,..,..,..,..,..,..,..,..,..,16.9
Diabetes prevalence (% of population ages 20 to 79),SH.STA.DIAB.ZS,"Micronesia, Fed. Sts.",FSM,..,..,..,..,..,..,..,..,..,..,..,..,..,..,..,..,..,..,..,..,..,..,..,..,..,..,..,..,..,..,..,..,..,..,..,..,..,..,..,..,..,..,..,..,..,..,..,..,..,..,..,15.7,..,..,..,..,..,..,..,..,..,15.6
Diabetes prevalence (% of population ages 20 to 79),SH.STA.DIAB.ZS,Middle East & North Africa,MEA,..,..,..,..,..,..,..,..,..,..,..,..,..,..,..,..,..,..,..,..,..,..,..,..,..,..,..,..,..,..,..,..,..,..,..,..,..,..,..,..,..,..,..,..,..,..,..,..,..,..,..,12.2435092661844,..,..,..,..,..,..,..,..,..,12.8736386570813
Diabetes prevalence (% of population ages 20 to 79),SH.STA.DIAB.ZS,Middle East & North Africa (excluding high income),MNA,..,..,..,..,..,..,..,..,..,..,..,..,..,..,..,..,..,..,..,..,..,..,..,..,..,..,..,..,..,..,..,..,..,..,..,..,..,..,..,..,..,..,..,..,..,..,..,..,..,..,..,11.3569430064239,..,..,..,..,..,..,..,..,..,12.1088436766993
Diabetes prevalence (% of population ages 20 to 79),SH.STA.DIAB.ZS,Middle East & North Africa (IDA & IBRD countries),TMN,..,..,..,..,..,..,..,..,..,..,..,..,..,..,..,..,..,..,..,..,..,..,..,..,..,..,..,..,..,..,..,..,..,..,..,..,..,..,..,..,..,..,..,..,..,..,..,..,..,..,..,11.3780471175669,..,..,..,..,..,..,..,..,..,12.1410761240648
Diabetes prevalence (% of population ages 20 to 79),SH.STA.DIAB.ZS,Middle income,MIC,..,..,..,..,..,..,..,..,..,..,..,..,..,..,..,..,..,..,..,..,..,..,..,..,..,..,..,..,..,..,..,..,..,..,..,..,..,..,..,..,..,..,..,..,..,..,..,..,..,..,..,8.47531175176052,..,..,..,..,..,..,..,..,..,10.4068274298429
Diabetes prevalence (% of population ages 20 to 79),SH.STA.DIAB.ZS,Moldova,MDA,..,..,..,..,..,..,..,..,..,..,..,..,..,..,..,..,..,..,..,..,..,..,..,..,..,..,..,..,..,..,..,..,..,..,..,..,..,..,..,..,..,..,..,..,..,..,..,..,..,..,..,2.7,..,..,..,..,..,..,..,..,..,5.6
Diabetes prevalence (% of population ages 20 to 79),SH.STA.DIAB.ZS,Monaco,MCO,..,..,..,..,..,..,..,..,..,..,..,..,..,..,..,..,..,..,..,..,..,..,..,..,..,..,..,..,..,..,..,..,..,..,..,..,..,..,..,..,..,..,..,..,..,..,..,..,..,..,..,5.6,..,..,..,..,..,..,..,..,..,6.2
Diabetes prevalence (% of population ages 20 to 79),SH.STA.DIAB.ZS,Mongolia,MNG,..,..,..,..,..,..,..,..,..,..,..,..,..,..,..,..,..,..,..,..,..,..,..,..,..,..,..,..,..,..,..,..,..,..,..,..,..,..,..,..,..,..,..,..,..,..,..,..,..,..,..,7.1,..,..,..,..,..,..,..,..,..,6.9
Diabetes prevalence (% of population ages 20 to 79),SH.STA.DIAB.ZS,Montenegro,MNE,..,..,..,..,..,..,..,..,..,..,..,..,..,..,..,..,..,..,..,..,..,..,..,..,..,..,..,..,..,..,..,..,..,..,..,..,..,..,..,..,..,..,..,..,..,..,..,..,..,..,..,7.7,..,..,..,..,..,..,..,..,..,9.1
Diabetes prevalence (% of population ages 20 to 79),SH.STA.DIAB.ZS,Morocco,MAR,..,..,..,..,..,..,..,..,..,..,..,..,..,..,..,..,..,..,..,..,..,..,..,..,..,..,..,..,..,..,..,..,..,..,..,..,..,..,..,..,..,..,..,..,..,..,..,..,..,..,..,6.8,..,..,..,..,..,..,..,..,..,9.1
Diabetes prevalence (% of population ages 20 to 79),SH.STA.DIAB.ZS,Mozambique,MOZ,..,..,..,..,..,..,..,..,..,..,..,..,..,..,..,..,..,..,..,..,..,..,..,..,..,..,..,..,..,..,..,..,..,..,..,..,..,..,..,..,..,..,..,..,..,..,..,..,..,..,..,3.1,..,..,..,..,..,..,..,..,..,3.3
Diabetes prevalence (% of population ages 20 to 79),SH.STA.DIAB.ZS,Myanmar,MMR,..,..,..,..,..,..,..,..,..,..,..,..,..,..,..,..,..,..,..,..,..,..,..,..,..,..,..,..,..,..,..,..,..,..,..,..,..,..,..,..,..,..,..,..,..,..,..,..,..,..,..,7.1,..,..,..,..,..,..,..,..,..,7.1
Diabetes prevalence (% of population ages 20 to 79),SH.STA.DIAB.ZS,Namibia,NAM,..,..,..,..,..,..,..,..,..,..,..,..,..,..,..,..,..,..,..,..,..,..,..,..,..,..,..,..,..,..,..,..,..,..,..,..,..,..,..,..,..,..,..,..,..,..,..,..,..,..,..,7.8,..,..,..,..,..,..,..,..,..,6.7
Diabetes prevalence (% of population ages 20 to 79),SH.STA.DIAB.ZS,Nauru,NRU,..,..,..,..,..,..,..,..,..,..,..,..,..,..,..,..,..,..,..,..,..,..,..,..,..,..,..,..,..,..,..,..,..,..,..,..,..,..,..,..,..,..,..,..,..,..,..,..,..,..,..,20.4,..,..,..,..,..,..,..,..,..,23.4
Diabetes prevalence (% of population ages 20 to 79),SH.STA.DIAB.ZS,Nepal,NPL,..,..,..,..,..,..,..,..,..,..,..,..,..,..,..,..,..,..,..,..,..,..,..,..,..,..,..,..,..,..,..,..,..,..,..,..,..,..,..,..,..,..,..,..,..,..,..,..,..,..,..,3.6,..,..,..,..,..,..,..,..,..,8.7
Diabetes prevalence (% of population ages 20 to 79),SH.STA.DIAB.ZS,Netherlands,NLD,..,..,..,..,..,..,..,..,..,..,..,..,..,..,..,..,..,..,..,..,..,..,..,..,..,..,..,..,..,..,..,..,..,..,..,..,..,..,..,..,..,..,..,..,..,..,..,..,..,..,..,5.3,..,..,..,..,..,..,..,..,..,4.5
Diabetes prevalence (% of population ages 20 to 79),SH.STA.DIAB.ZS,New Caledonia,NCL,..,..,..,..,..,..,..,..,..,..,..,..,..,..,..,..,..,..,..,..,..,..,..,..,..,..,..,..,..,..,..,..,..,..,..,..,..,..,..,..,..,..,..,..,..,..,..,..,..,..,..,8.6,..,..,..,..,..,..,..,..,..,23.4
Diabetes prevalence (% of population ages 20 to 79),SH.STA.DIAB.ZS,New Zealand,NZL,..,..,..,..,..,..,..,..,..,..,..,..,..,..,..,..,..,..,..,..,..,..,..,..,..,..,..,..,..,..,..,..,..,..,..,..,..,..,..,..,..,..,..,..,..,..,..,..,..,..,..,8.6,..,..,..,..,..,..,..,..,..,6.2
Diabetes prevalence (% of population ages 20 to 79),SH.STA.DIAB.ZS,Nicaragua,NIC,..,..,..,..,..,..,..,..,..,..,..,..,..,..,..,..,..,..,..,..,..,..,..,..,..,..,..,..,..,..,..,..,..,..,..,..,..,..,..,..,..,..,..,..,..,..,..,..,..,..,..,11,..,..,..,..,..,..,..,..,..,9.3
Diabetes prevalence (% of population ages 20 to 79),SH.STA.DIAB.ZS,Niger,NER,..,..,..,..,..,..,..,..,..,..,..,..,..,..,..,..,..,..,..,..,..,..,..,..,..,..,..,..,..,..,..,..,..,..,..,..,..,..,..,..,..,..,..,..,..,..,..,..,..,..,..,4.2,..,..,..,..,..,..,..,..,..,5.2
Diabetes prevalence (% of population ages 20 to 79),SH.STA.DIAB.ZS,Nigeria,NGA,..,..,..,..,..,..,..,..,..,..,..,..,..,..,..,..,..,..,..,..,..,..,..,..,..,..,..,..,..,..,..,..,..,..,..,..,..,..,..,..,..,..,..,..,..,..,..,..,..,..,..,4.8,..,..,..,..,..,..,..,..,..,3.6
Diabetes prevalence (% of population ages 20 to 79),SH.STA.DIAB.ZS,North America,NAC,..,..,..,..,..,..,..,..,..,..,..,..,..,..,..,..,..,..,..,..,..,..,..,..,..,..,..,..,..,..,..,..,..,..,..,..,..,..,..,..,..,..,..,..,..,..,..,..,..,..,..,9.29671329336856,..,..,..,..,..,..,..,..,..,10.3820285567149
Diabetes prevalence (% of population ages 20 to 79),SH.STA.DIAB.ZS,North Macedonia,MKD,..,..,..,..,..,..,..,..,..,..,..,..,..,..,..,..,..,..,..,..,..,..,..,..,..,..,..,..,..,..,..,..,..,..,..,..,..,..,..,..,..,..,..,..,..,..,..,..,..,..,..,7.7,..,..,..,..,..,..,..,..,..,6.1
Diabetes prevalence (% of population ages 20 to 79),SH.STA.DIAB.ZS,Northern Mariana Islands,MNP,..,..,..,..,..,..,..,..,..,..,..,..,..,..,..,..,..,..,..,..,..,..,..,..,..,..,..,..,..,..,..,..,..,..,..,..,..,..,..,..,..,..,..,..,..,..,..,..,..,..,..,..,..,..,..,..,..,..,..,..,..,23.4
Diabetes prevalence (% of population ages 20 to 79),SH.STA.DIAB.ZS,Norway,NOR,..,..,..,..,..,..,..,..,..,..,..,..,..,..,..,..,..,..,..,..,..,..,..,..,..,..,..,..,..,..,..,..,..,..,..,..,..,..,..,..,..,..,..,..,..,..,..,..,..,..,..,4.7,..,..,..,..,..,..,..,..,..,3.6
Diabetes prevalence (% of population ages 20 to 79),SH.STA.DIAB.ZS,Not classified,INX,..,..,..,..,..,..,..,..,..,..,..,..,..,..,..,..,..,..,..,..,..,..,..,..,..,..,..,..,..,..,..,..,..,..,..,..,..,..,..,..,..,..,..,..,..,..,..,..,..,..,..,..,..,..,..,..,..,..,..,..,..,..
Diabetes prevalence (% of population ages 20 to 79),SH.STA.DIAB.ZS,OECD members,OED,..,..,..,..,..,..,..,..,..,..,..,..,..,..,..,..,..,..,..,..,..,..,..,..,..,..,..,..,..,..,..,..,..,..,..,..,..,..,..,..,..,..,..,..,..,..,..,..,..,..,..,8.08852911822297,..,..,..,..,..,..,..,..,..,9.05209376470526
Diabetes prevalence (% of population ages 20 to 79),SH.STA.DIAB.ZS,Oman,OMN,..,..,..,..,..,..,..,..,..,..,..,..,..,..,..,..,..,..,..,..,..,..,..,..,..,..,..,..,..,..,..,..,..,..,..,..,..,..,..,..,..,..,..,..,..,..,..,..,..,..,..,10.5,..,..,..,..,..,..,..,..,..,13.8
Diabetes prevalence (% of population ages 20 to 79),SH.STA.DIAB.ZS,Other small states,OSS,..,..,..,..,..,..,..,..,..,..,..,..,..,..,..,..,..,..,..,..,..,..,..,..,..,..,..,..,..,..,..,..,..,..,..,..,..,..,..,..,..,..,..,..,..,..,..,..,..,..,..,9.03314520022635,..,..,..,..,..,..,..,..,..,8.65695455818513
Diabetes prevalence (% of population ages 20 to 79),SH.STA.DIAB.ZS,Pacific island small states,PSS,..,..,..,..,..,..,..,..,..,..,..,..,..,..,..,..,..,..,..,..,..,..,..,..,..,..,..,..,..,..,..,..,..,..,..,..,..,..,..,..,..,..,..,..,..,..,..,..,..,..,..,13.2037391430567,..,..,..,..,..,..,..,..,..,17.3302958873519
Diabetes prevalence (% of population ages 20 to 79),SH.STA.DIAB.ZS,Pakistan,PAK,..,..,..,..,..,..,..,..,..,..,..,..,..,..,..,..,..,..,..,..,..,..,..,..,..,..,..,..,..,..,..,..,..,..,..,..,..,..,..,..,11.8,..,..,..,..,..,..,..,..,..,..,7.9,..,..,..,..,..,..,..,..,..,30.8
Diabetes prevalence (% of population ages 20 to 79),SH.STA.DIAB.ZS,Palau,PLW,..,..,..,..,..,..,..,..,..,..,..,..,..,..,..,..,..,..,..,..,..,..,..,..,..,..,..,..,..,..,..,..,..,..,..,..,..,..,..,..,..,..,..,..,..,..,..,..,..,..,..,11.1,..,..,..,..,..,..,..,..,..,17
Diabetes prevalence (% of population ages 20 to 79),SH.STA.DIAB.ZS,Panama,PAN,..,..,..,..,..,..,..,..,..,..,..,..,..,..,..,..,..,..,..,..,..,..,..,..,..,..,..,..,..,..,..,..,..,..,..,..,..,..,..,..,..,..,..,..,..,..,..,..,..,..,..,9.4,..,..,..,..,..,..,..,..,..,8.2
Diabetes prevalence (% of population ages 20 to 79),SH.STA.DIAB.ZS,Papua New Guinea,PNG,..,..,..,..,..,..,..,..,..,..,..,..,..,..,..,..,..,..,..,..,..,..,..,..,..,..,..,..,..,..,..,..,..,..,..,..,..,..,..,..,15.5,..,..,..,..,..,..,..,..,..,..,7.6,..,..,..,..,..,..,..,..,..,16.7
Diabetes prevalence (% of population ages 20 to 79),SH.STA.DIAB.ZS,Paraguay,PRY,..,..,..,..,..,..,..,..,..,..,..,..,..,..,..,..,..,..,..,..,..,..,..,..,..,..,..,..,..,..,..,..,..,..,..,..,..,..,..,..,..,..,..,..,..,..,..,..,..,..,..,6.5,..,..,..,..,..,..,..,..,..,7.5
Diabetes prevalence (% of population ages 20 to 79),SH.STA.DIAB.ZS,Peru,PER,..,..,..,..,..,..,..,..,..,..,..,..,..,..,..,..,..,..,..,..,..,..,..,..,..,..,..,..,..,..,..,..,..,..,..,..,..,..,..,..,..,..,..,..,..,..,..,..,..,..,..,6,..,..,..,..,..,..,..,..,..,4.8
Diabetes prevalence (% of population ages 20 to 79),SH.STA.DIAB.ZS,Philippines,PHL,..,..,..,..,..,..,..,..,..,..,..,..,..,..,..,..,..,..,..,..,..,..,..,..,..,..,..,..,..,..,..,..,..,..,..,..,..,..,..,..,..,..,..,..,..,..,..,..,..,..,..,9.7,..,..,..,..,..,..,..,..,..,7.1
Diabetes prevalence (% of population ages 20 to 79),SH.STA.DIAB.ZS,Poland,POL,..,..,..,..,..,..,..,..,..,..,..,..,..,..,..,..,..,..,..,..,..,..,..,..,..,..,..,..,..,..,..,..,..,..,..,..,..,..,..,..,..,..,..,..,..,..,..,..,..,..,..,9,..,..,..,..,..,..,..,..,..,6.8
Diabetes prevalence (% of population ages 20 to 79),SH.STA.DIAB.ZS,Portugal,PRT,..,..,..,..,..,..,..,..,..,..,..,..,..,..,..,..,..,..,..,..,..,..,..,..,..,..,..,..,..,..,..,..,..,..,..,..,..,..,..,..,..,..,..,..,..,..,..,..,..,..,..,9.6,..,..,..,..,..,..,..,..,..,9.1
Diabetes prevalence (% of population ages 20 to 79),SH.STA.DIAB.ZS,Post-demographic dividend,PST,..,..,..,..,..,..,..,..,..,..,..,..,..,..,..,..,..,..,..,..,..,..,..,..,..,..,..,..,..,..,..,..,..,..,..,..,..,..,..,..,..,..,..,..,..,..,..,..,..,..,..,7.08820546825066,..,..,..,..,..,..,..,..,..,7.80423398988234
Diabetes prevalence (% of population ages 20 to 79),SH.STA.DIAB.ZS,Pre-demographic dividend,PRE,..,..,..,..,..,..,..,..,..,..,..,..,..,..,..,..,..,..,..,..,..,..,..,..,..,..,..,..,..,..,..,..,..,..,..,..,..,..,..,..,..,..,..,..,..,..,..,..,..,..,..,4.60667903046978,..,..,..,..,..,..,..,..,..,6.10532138122372
Diabetes prevalence (% of population ages 20 to 79),SH.STA.DIAB.ZS,Puerto Rico,PRI,..,..,..,..,..,..,..,..,..,..,..,..,..,..,..,..,..,..,..,..,..,..,..,..,..,..,..,..,..,..,..,..,..,..,..,..,..,..,..,..,..,..,..,..,..,..,..,..,..,..,..,13,..,..,..,..,..,..,..,..,..,13.3
Diabetes prevalence (% of population ages 20 to 79),SH.STA.DIAB.ZS,Qatar,QAT,..,..,..,..,..,..,..,..,..,..,..,..,..,..,..,..,..,..,..,..,..,..,..,..,..,..,..,..,..,..,..,..,..,..,..,..,..,..,..,..,..,..,..,..,..,..,..,..,..,..,..,19.8,..,..,..,..,..,..,..,..,..,19.5
Diabetes prevalence (% of population ages 20 to 79),SH.STA.DIAB.ZS,Romania,ROU,..,..,..,..,..,..,..,..,..,..,..,..,..,..,..,..,..,..,..,..,..,..,..,..,..,..,..,..,..,..,..,..,..,..,..,..,..,..,..,..,..,..,..,..,..,..,..,..,..,..,..,7.7,..,..,..,..,..,..,..,..,..,6.5
Diabetes prevalence (% of population ages 20 to 79),SH.STA.DIAB.ZS,Russian Federation,RUS,..,..,..,..,..,..,..,..,..,..,..,..,..,..,..,..,..,..,..,..,..,..,..,..,..,..,..,..,..,..,..,..,..,..,..,..,..,..,..,..,..,..,..,..,..,..,..,..,..,..,..,9.7,..,..,..,..,..,..,..,..,..,5.6
Diabetes prevalence (% of population ages 20 to 79),SH.STA.DIAB.ZS,Rwanda,RWA,..,..,..,..,..,..,..,..,..,..,..,..,..,..,..,..,..,..,..,..,..,..,..,..,..,..,..,..,..,..,..,..,..,..,..,..,..,..,..,..,..,..,..,..,..,..,..,..,..,..,..,3.1,..,..,..,..,..,..,..,..,..,6.5
Diabetes prevalence (% of population ages 20 to 79),SH.STA.DIAB.ZS,Samoa,WSM,..,..,..,..,..,..,..,..,..,..,..,..,..,..,..,..,..,..,..,..,..,..,..,..,..,..,..,..,..,..,..,..,..,..,..,..,..,..,..,..,..,..,..,..,..,..,..,..,..,..,..,7.7,..,..,..,..,..,..,..,..,..,9.2
Diabetes prevalence (% of population ages 20 to 79),SH.STA.DIAB.ZS,San Marino,SMR,..,..,..,..,..,..,..,..,..,..,..,..,..,..,..,..,..,..,..,..,..,..,..,..,..,..,..,..,..,..,..,..,..,..,..,..,..,..,..,..,..,..,..,..,..,..,..,..,..,..,..,5.5,..,..,..,..,..,..,..,..,..,7.4
Diabetes prevalence (% of population ages 20 to 79),SH.STA.DIAB.ZS,Sao Tome and Principe,STP,..,..,..,..,..,..,..,..,..,..,..,..,..,..,..,..,..,..,..,..,..,..,..,..,..,..,..,..,..,..,..,..,..,..,..,..,..,..,..,..,..,..,..,..,..,..,..,..,..,..,..,5.5,..,..,..,..,..,..,..,..,..,5.5
Diabetes prevalence (% of population ages 20 to 79),SH.STA.DIAB.ZS,Saudi Arabia,SAU,..,..,..,..,..,..,..,..,..,..,..,..,..,..,..,..,..,..,..,..,..,..,..,..,..,..,..,..,..,..,..,..,..,..,..,..,..,..,..,..,..,..,..,..,..,..,..,..,..,..,..,19.6,..,..,..,..,..,..,..,..,..,18.7
Diabetes prevalence (% of population ages 20 to 79),SH.STA.DIAB.ZS,Senegal,SEN,..,..,..,..,..,..,..,..,..,..,..,..,..,..,..,..,..,..,..,..,..,..,..,..,..,..,..,..,..,..,..,..,..,..,..,..,..,..,..,..,..,..,..,..,..,..,..,..,..,..,..,3.2,..,..,..,..,..,..,..,..,..,3.1
Diabetes prevalence (% of population ages 20 to 79),SH.STA.DIAB.ZS,Serbia,SRB,..,..,..,..,..,..,..,..,..,..,..,..,..,..,..,..,..,..,..,..,..,..,..,..,..,..,..,..,..,..,..,..,..,..,..,..,..,..,..,..,..,..,..,..,..,..,..,..,..,..,..,7.7,..,..,..,..,..,..,..,..,..,9.1
Diabetes prevalence (% of population ages 20 to 79),SH.STA.DIAB.ZS,Seychelles,SYC,..,..,..,..,..,..,..,..,..,..,..,..,..,..,..,..,..,..,..,..,..,..,..,..,..,..,..,..,..,..,..,..,..,..,..,..,..,..,..,..,..,..,..,..,..,..,..,..,..,..,..,12.1,..,..,..,..,..,..,..,..,..,8.5
Diabetes prevalence (% of population ages 20 to 79),SH.STA.DIAB.ZS,Sierra Leone,SLE,..,..,..,..,..,..,..,..,..,..,..,..,..,..,..,..,..,..,..,..,..,..,..,..,..,..,..,..,..,..,..,..,..,..,..,..,..,..,..,..,..,..,..,..,..,..,..,..,..,..,..,3.2,..,..,..,..,..,..,..,..,..,2.1
Diabetes prevalence (% of population ages 20 to 79),SH.STA.DIAB.ZS,Singapore,SGP,..,..,..,..,..,..,..,..,..,..,..,..,..,..,..,..,..,..,..,..,..,..,..,..,..,..,..,..,..,..,..,..,..,..,..,..,..,..,..,..,..,..,..,..,..,..,..,..,..,..,..,9.5,..,..,..,..,..,..,..,..,..,11.6
Diabetes prevalence (% of population ages 20 to 79),SH.STA.DIAB.ZS,Sint Maarten (Dutch part),SXM,..,..,..,..,..,..,..,..,..,..,..,..,..,..,..,..,..,..,..,..,..,..,..,..,..,..,..,..,..,..,..,..,..,..,..,..,..,..,..,..,..,..,..,..,..,..,..,..,..,..,..,..,..,..,..,..,..,..,..,..,..,..
Diabetes prevalence (% of population ages 20 to 79),SH.STA.DIAB.ZS,Slovak Republic,SVK,..,..,..,..,..,..,..,..,..,..,..,..,..,..,..,..,..,..,..,..,..,..,..,..,..,..,..,..,..,..,..,..,..,..,..,..,..,..,..,..,..,..,..,..,..,..,..,..,..,..,..,5.7,..,..,..,..,..,..,..,..,..,5.8
Diabetes prevalence (% of population ages 20 to 79),SH.STA.DIAB.ZS,Slovenia,SVN,..,..,..,..,..,..,..,..,..,..,..,..,..,..,..,..,..,..,..,..,..,..,..,..,..,..,..,..,..,..,..,..,..,..,..,..,..,..,..,..,..,..,..,..,..,..,..,..,..,..,..,7.5,..,..,..,..,..,..,..,..,..,5.8
Diabetes prevalence (% of population ages 20 to 79),SH.STA.DIAB.ZS,Small states,SST,..,..,..,..,..,..,..,..,..,..,..,..,..,..,..,..,..,..,..,..,..,..,..,..,..,..,..,..,..,..,..,..,..,..,..,..,..,..,..,..,..,..,..,..,..,..,..,..,..,..,..,10.2749093870643,..,..,..,..,..,..,..,..,..,9.70627236455132
Diabetes prevalence (% of population ages 20 to 79),SH.STA.DIAB.ZS,Solomon Islands,SLB,..,..,..,..,..,..,..,..,..,..,..,..,..,..,..,..,..,..,..,..,..,..,..,..,..,..,..,..,..,..,..,..,..,..,..,..,..,..,..,..,..,..,..,..,..,..,..,..,..,..,..,15.3,..,..,..,..,..,..,..,..,..,19.8
Diabetes prevalence (% of population ages 20 to 79),SH.STA.DIAB.ZS,Somalia,SOM,..,..,..,..,..,..,..,..,..,..,..,..,..,..,..,..,..,..,..,..,..,..,..,..,..,..,..,..,..,..,..,..,..,..,..,..,..,..,..,..,..,..,..,..,..,..,..,..,..,..,..,4.3,..,..,..,..,..,..,..,..,..,6.5
Diabetes prevalence (% of population ages 20 to 79),SH.STA.DIAB.ZS,South Africa,ZAF,..,..,..,..,..,..,..,..,..,..,..,..,..,..,..,..,..,..,..,..,..,..,..,..,..,..,..,..,..,..,..,..,..,..,..,..,..,..,..,..,..,..,..,..,..,..,..,..,..,..,..,7,..,..,..,..,..,..,..,..,..,10.8
Diabetes prevalence (% of population ages 20 to 79),SH.STA.DIAB.ZS,South Asia,SAS,..,..,..,..,..,..,..,..,..,..,..,..,..,..,..,..,..,..,..,..,..,..,..,..,..,..,..,..,..,..,..,..,..,..,..,..,..,..,..,..,..,..,..,..,..,..,..,..,..,..,..,8.90055649705066,..,..,..,..,..,..,..,..,..,12.3255968622974
Diabetes prevalence (% of population ages 20 to 79),SH.STA.DIAB.ZS,South Asia (IDA & IBRD),TSA,..,..,..,..,..,..,..,..,..,..,..,..,..,..,..,..,..,..,..,..,..,..,..,..,..,..,..,..,..,..,..,..,..,..,..,..,..,..,..,..,..,..,..,..,..,..,..,..,..,..,..,8.90055649705066,..,..,..,..,..,..,..,..,..,12.3255968622974
Diabetes prevalence (% of population ages 20 to 79),SH.STA.DIAB.ZS,South Sudan,SSD,..,..,..,..,..,..,..,..,..,..,..,..,..,..,..,..,..,..,..,..,..,..,..,..,..,..,..,..,..,..,..,..,..,..,..,..,..,..,..,..,..,..,..,..,..,..,..,..,..,..,..,..,..,..,..,..,..,..,..,..,..,6.5
Diabetes prevalence (% of population ages 20 to 79),SH.STA.DIAB.ZS,Spain,ESP,..,..,..,..,..,..,..,..,..,..,..,..,..,..,..,..,..,..,..,..,..,..,..,..,..,..,..,..,..,..,..,..,..,..,..,..,..,..,..,..,..,..,..,..,..,..,..,..,..,..,..,6.3,..,..,..,..,..,..,..,..,..,10.3
Diabetes prevalence (% of population ages 20 to 79),SH.STA.DIAB.ZS,Sri Lanka,LKA,..,..,..,..,..,..,..,..,..,..,..,..,..,..,..,..,..,..,..,..,..,..,..,..,..,..,..,..,..,..,..,..,..,..,..,..,..,..,..,..,..,..,..,..,..,..,..,..,..,..,..,7.5,..,..,..,..,..,..,..,..,..,11.3
Diabetes prevalence (% of population ages 20 to 79),SH.STA.DIAB.ZS,St. Kitts and Nevis,KNA,..,..,..,..,..,..,..,..,..,..,..,..,..,..,..,..,..,..,..,..,..,..,..,..,..,..,..,..,..,..,..,..,..,..,..,..,..,..,..,..,12.1,..,..,..,..,..,..,..,..,..,..,8.5,..,..,..,..,..,..,..,..,..,16.1
Diabetes prevalence (% of population ages 20 to 79),SH.STA.DIAB.ZS,St. Lucia,LCA,..,..,..,..,..,..,..,..,..,..,..,..,..,..,..,..,..,..,..,..,..,..,..,..,..,..,..,..,..,..,..,..,..,..,..,..,..,..,..,..,..,..,..,..,..,..,..,..,..,..,..,8.4,..,..,..,..,..,..,..,..,..,11.7
Diabetes prevalence (% of population ages 20 to 79),SH.STA.DIAB.ZS,St. Martin (French part),MAF,..,..,..,..,..,..,..,..,..,..,..,..,..,..,..,..,..,..,..,..,..,..,..,..,..,..,..,..,..,..,..,..,..,..,..,..,..,..,..,..,..,..,..,..,..,..,..,..,..,..,..,..,..,..,..,..,..,..,..,..,..,..
Diabetes prevalence (% of population ages 20 to 79),SH.STA.DIAB.ZS,St. Vincent and the Grenadines,VCT,..,..,..,..,..,..,..,..,..,..,..,..,..,..,..,..,..,..,..,..,..,..,..,..,..,..,..,..,..,..,..,..,..,..,..,..,..,..,..,..,..,..,..,..,..,..,..,..,..,..,..,8.8,..,..,..,..,..,..,..,..,..,8
Diabetes prevalence (% of population ages 20 to 79),SH.STA.DIAB.ZS,Sub-Saharan Africa,SSF,..,..,..,..,..,..,..,..,..,..,..,..,..,..,..,..,..,..,..,..,..,..,..,..,..,..,..,..,..,..,..,..,..,..,..,..,..,..,..,..,..,..,..,..,..,..,..,..,..,..,..,4.52592333776732,..,..,..,..,..,..,..,..,..,5.80821710618555
Diabetes prevalence (% of population ages 20 to 79),SH.STA.DIAB.ZS,Sub-Saharan Africa (excluding high income),SSA,..,..,..,..,..,..,..,..,..,..,..,..,..,..,..,..,..,..,..,..,..,..,..,..,..,..,..,..,..,..,..,..,..,..,..,..,..,..,..,..,..,..,..,..,..,..,..,..,..,..,..,4.52489523896329,..,..,..,..,..,..,..,..,..,5.80791856539879
Diabetes prevalence (% of population ages 20 to 79),SH.STA.DIAB.ZS,Sub-Saharan Africa (IDA & IBRD countries),TSS,..,..,..,..,..,..,..,..,..,..,..,..,..,..,..,..,..,..,..,..,..,..,..,..,..,..,..,..,..,..,..,..,..,..,..,..,..,..,..,..,..,..,..,..,..,..,..,..,..,..,..,4.52592333776732,..,..,..,..,..,..,..,..,..,5.80821710618555
Diabetes prevalence (% of population ages 20 to 79),SH.STA.DIAB.ZS,Sudan,SDN,..,..,..,..,..,..,..,..,..,..,..,..,..,..,..,..,..,..,..,..,..,..,..,..,..,..,..,..,..,..,..,..,..,..,..,..,..,..,..,..,..,..,..,..,..,..,..,..,..,..,..,8.6,..,..,..,..,..,..,..,..,..,18.9
Diabetes prevalence (% of population ages 20 to 79),SH.STA.DIAB.ZS,Suriname,SUR,..,..,..,..,..,..,..,..,..,..,..,..,..,..,..,..,..,..,..,..,..,..,..,..,..,..,..,..,..,..,..,..,..,..,..,..,..,..,..,..,..,..,..,..,..,..,..,..,..,..,..,8.9,..,..,..,..,..,..,..,..,..,12.7
Diabetes prevalence (% of population ages 20 to 79),SH.STA.DIAB.ZS,Sweden,SWE,..,..,..,..,..,..,..,..,..,..,..,..,..,..,..,..,..,..,..,..,..,..,..,..,..,..,..,..,..,..,..,..,..,..,..,..,..,..,..,..,..,..,..,..,..,..,..,..,..,..,..,4.2,..,..,..,..,..,..,..,..,..,5
Diabetes prevalence (% of population ages 20 to 79),SH.STA.DIAB.ZS,Switzerland,CHE,..,..,..,..,..,..,..,..,..,..,..,..,..,..,..,..,..,..,..,..,..,..,..,..,..,..,..,..,..,..,..,..,..,..,..,..,..,..,..,..,..,..,..,..,..,..,..,..,..,..,..,5.9,..,..,..,..,..,..,..,..,..,4.6
Diabetes prevalence (% of population ages 20 to 79),SH.STA.DIAB.ZS,Syrian Arab Republic,SYR,..,..,..,..,..,..,..,..,..,..,..,..,..,..,..,..,..,..,..,..,..,..,..,..,..,..,..,..,..,..,..,..,..,..,..,..,..,..,..,..,..,..,..,..,..,..,..,..,..,..,..,9.9,..,..,..,..,..,..,..,..,..,14.9
Diabetes prevalence (% of population ages 20 to 79),SH.STA.DIAB.ZS,Tajikistan,TJK,..,..,..,..,..,..,..,..,..,..,..,..,..,..,..,..,..,..,..,..,..,..,..,..,..,..,..,..,..,..,..,..,..,..,..,..,..,..,..,..,..,..,..,..,..,..,..,..,..,..,..,6.3,..,..,..,..,..,..,..,..,..,6.6
Diabetes prevalence (% of population ages 20 to 79),SH.STA.DIAB.ZS,Tanzania,TZA,..,..,..,..,..,..,..,..,..,..,..,..,..,..,..,..,..,..,..,..,..,..,..,..,..,..,..,..,..,..,..,..,..,..,..,..,..,..,..,..,..,..,..,..,..,..,..,..,..,..,..,2.8,..,..,..,..,..,..,..,..,..,12.3
Diabetes prevalence (% of population ages 20 to 79),SH.STA.DIAB.ZS,Thailand,THA,..,..,..,..,..,..,..,..,..,..,..,..,..,..,..,..,..,..,..,..,..,..,..,..,..,..,..,..,..,..,..,..,..,..,..,..,..,..,..,..,..,..,..,..,..,..,..,..,..,..,..,7.5,..,..,..,..,..,..,..,..,..,9.7
Diabetes prevalence (% of population ages 20 to 79),SH.STA.DIAB.ZS,Timor-Leste,TLS,..,..,..,..,..,..,..,..,..,..,..,..,..,..,..,..,..,..,..,..,..,..,..,..,..,..,..,..,..,..,..,..,..,..,..,..,..,..,..,..,..,..,..,..,..,..,..,..,..,..,..,7.5,..,..,..,..,..,..,..,..,..,8.6
Diabetes prevalence (% of population ages 20 to 79),SH.STA.DIAB.ZS,Togo,TGO,..,..,..,..,..,..,..,..,..,..,..,..,..,..,..,..,..,..,..,..,..,..,..,..,..,..,..,..,..,..,..,..,..,..,..,..,..,..,..,..,..,..,..,..,..,..,..,..,..,..,..,3.3,..,..,..,..,..,..,..,..,..,2.1
Diabetes prevalence (% of population ages 20 to 79),SH.STA.DIAB.ZS,Tonga,TON,..,..,..,..,..,..,..,..,..,..,..,..,..,..,..,..,..,..,..,..,..,..,..,..,..,..,..,..,..,..,..,..,..,..,..,..,..,..,..,..,11.5,..,..,..,..,..,..,..,..,..,..,12.7,..,..,..,..,..,..,..,..,..,15
Diabetes prevalence (% of population ages 20 to 79),SH.STA.DIAB.ZS,Trinidad and Tobago,TTO,..,..,..,..,..,..,..,..,..,..,..,..,..,..,..,..,..,..,..,..,..,..,..,..,..,..,..,..,..,..,..,..,..,..,..,..,..,..,..,..,14.1,..,..,..,..,..,..,..,..,..,..,12.7,..,..,..,..,..,..,..,..,..,12.7
Diabetes prevalence (% of population ages 20 to 79),SH.STA.DIAB.ZS,Tunisia,TUN,..,..,..,..,..,..,..,..,..,..,..,..,..,..,..,..,..,..,..,..,..,..,..,..,..,..,..,..,..,..,..,..,..,..,..,..,..,..,..,..,..,..,..,..,..,..,..,..,..,..,..,9.5,..,..,..,..,..,..,..,..,..,9.6
Diabetes prevalence (% of population ages 20 to 79),SH.STA.DIAB.ZS,Turkey,TUR,..,..,..,..,..,..,..,..,..,..,..,..,..,..,..,..,..,..,..,..,..,..,..,..,..,..,..,..,..,..,..,..,..,..,..,..,..,..,..,..,..,..,..,..,..,..,..,..,..,..,..,7.9,..,..,..,..,..,..,..,..,..,14.5
Diabetes prevalence (% of population ages 20 to 79),SH.STA.DIAB.ZS,Turkmenistan,TKM,..,..,..,..,..,..,..,..,..,..,..,..,..,..,..,..,..,..,..,..,..,..,..,..,..,..,..,..,..,..,..,..,..,..,..,..,..,..,..,..,..,..,..,..,..,..,..,..,..,..,..,2.7,..,..,..,..,..,..,..,..,..,6.7
Diabetes prevalence (% of population ages 20 to 79),SH.STA.DIAB.ZS,Turks and Caicos Islands,TCA,..,..,..,..,..,..,..,..,..,..,..,..,..,..,..,..,..,..,..,..,..,..,..,..,..,..,..,..,..,..,..,..,..,..,..,..,..,..,..,..,..,..,..,..,..,..,..,..,..,..,..,..,..,..,..,..,..,..,..,..,..,..
Diabetes prevalence (% of population ages 20 to 79),SH.STA.DIAB.ZS,Tuvalu,TUV,..,..,..,..,..,..,..,..,..,..,..,..,..,..,..,..,..,..,..,..,..,..,..,..,..,..,..,..,..,..,..,..,..,..,..,..,..,..,..,..,..,..,..,..,..,..,..,..,..,..,..,19.2,..,..,..,..,..,..,..,..,..,20.3
Diabetes prevalence (% of population ages 20 to 79),SH.STA.DIAB.ZS,Uganda,UGA,..,..,..,..,..,..,..,..,..,..,..,..,..,..,..,..,..,..,..,..,..,..,..,..,..,..,..,..,..,..,..,..,..,..,..,..,..,..,..,..,..,..,..,..,..,..,..,..,..,..,..,2.8,..,..,..,..,..,..,..,..,..,4.6
Diabetes prevalence (% of population ages 20 to 79),SH.STA.DIAB.ZS,Ukraine,UKR,..,..,..,..,..,..,..,..,..,..,..,..,..,..,..,..,..,..,..,..,..,..,..,..,..,..,..,..,..,..,..,..,..,..,..,..,..,..,..,..,..,..,..,..,..,..,..,..,..,..,..,2.9,..,..,..,..,..,..,..,..,..,5.6
Diabetes prevalence (% of population ages 20 to 79),SH.STA.DIAB.ZS,United Arab Emirates,ARE,..,..,..,..,..,..,..,..,..,..,..,..,..,..,..,..,..,..,..,..,..,..,..,..,..,..,..,..,..,..,..,..,..,..,..,..,..,..,..,..,..,..,..,..,..,..,..,..,..,..,..,18.8,..,..,..,..,..,..,..,..,..,16.4
Diabetes prevalence (% of population ages 20 to 79),SH.STA.DIAB.ZS,United Kingdom,GBR,..,..,..,..,..,..,..,..,..,..,..,..,..,..,..,..,..,..,..,..,..,..,..,..,..,..,..,..,..,..,..,..,..,..,..,..,..,..,..,..,..,..,..,..,..,..,..,..,..,..,..,5.2,..,..,..,..,..,..,..,..,..,6.3
Diabetes prevalence (% of population ages 20 to 79),SH.STA.DIAB.ZS,United States,USA,..,..,..,..,..,..,..,..,..,..,..,..,..,..,..,..,..,..,..,..,..,..,..,..,..,..,..,..,..,..,..,..,..,..,..,..,..,..,..,..,..,..,..,..,..,..,..,..,..,..,..,9.4,..,..,..,..,..,..,..,..,..,10.7
Diabetes prevalence (% of population ages 20 to 79),SH.STA.DIAB.ZS,Upper middle income,UMC,..,..,..,..,..,..,..,..,..,..,..,..,..,..,..,..,..,..,..,..,..,..,..,..,..,..,..,..,..,..,..,..,..,..,..,..,..,..,..,..,..,..,..,..,..,..,..,..,..,..,..,9.08443811672709,..,..,..,..,..,..,..,..,..,10.2651584767442
Diabetes prevalence (% of population ages 20 to 79),SH.STA.DIAB.ZS,Uruguay,URY,..,..,..,..,..,..,..,..,..,..,..,..,..,..,..,..,..,..,..,..,..,..,..,..,..,..,..,..,..,..,..,..,..,..,..,..,..,..,..,..,..,..,..,..,..,..,..,..,..,..,..,5.7,..,..,..,..,..,..,..,..,..,9
Diabetes prevalence (% of population ages 20 to 79),SH.STA.DIAB.ZS,Uzbekistan,UZB,..,..,..,..,..,..,..,..,..,..,..,..,..,..,..,..,..,..,..,..,..,..,..,..,..,..,..,..,..,..,..,..,..,..,..,..,..,..,..,..,..,..,..,..,..,..,..,..,..,..,..,6.4,..,..,..,..,..,..,..,..,..,7
Diabetes prevalence (% of population ages 20 to 79),SH.STA.DIAB.ZS,Vanuatu,VUT,..,..,..,..,..,..,..,..,..,..,..,..,..,..,..,..,..,..,..,..,..,..,..,..,..,..,..,..,..,..,..,..,..,..,..,..,..,..,..,..,..,..,..,..,..,..,..,..,..,..,..,16.1,..,..,..,..,..,..,..,..,..,15.6
Diabetes prevalence (% of population ages 20 to 79),SH.STA.DIAB.ZS,"Venezuela, RB",VEN,..,..,..,..,..,..,..,..,..,..,..,..,..,..,..,..,..,..,..,..,..,..,..,..,..,..,..,..,..,..,..,..,..,..,..,..,..,..,..,..,..,..,..,..,..,..,..,..,..,..,..,10.2,..,..,..,..,..,..,..,..,..,9.6
Diabetes prevalence (% of population ages 20 to 79),SH.STA.DIAB.ZS,Vietnam,VNM,..,..,..,..,..,..,..,..,..,..,..,..,..,..,..,..,..,..,..,..,..,..,..,..,..,..,..,..,..,..,..,..,..,..,..,..,..,..,..,..,..,..,..,..,..,..,..,..,..,..,..,3.2,..,..,..,..,..,..,..,..,..,6.1
Diabetes prevalence (% of population ages 20 to 79),SH.STA.DIAB.ZS,Virgin Islands (U.S.),VIR,..,..,..,..,..,..,..,..,..,..,..,..,..,..,..,..,..,..,..,..,..,..,..,..,..,..,..,..,..,..,..,..,..,..,..,..,..,..,..,..,..,..,..,..,..,..,..,..,..,..,..,12.1,..,..,..,..,..,..,..,..,..,12.4
Diabetes prevalence (% of population ages 20 to 79),SH.STA.DIAB.ZS,West Bank and Gaza,PSE,..,..,..,..,..,..,..,..,..,..,..,..,..,..,..,..,..,..,..,..,..,..,..,..,..,..,..,..,..,..,..,..,..,..,..,..,..,..,..,..,..,..,..,..,..,..,..,..,..,..,..,9.2,..,..,..,..,..,..,..,..,..,9.2
Diabetes prevalence (% of population ages 20 to 79),SH.STA.DIAB.ZS,World,WLD,..,..,..,..,..,..,..,..,..,..,..,..,..,..,..,..,..,..,..,..,..,..,..,..,..,..,..,..,..,..,..,..,..,..,..,..,..,..,..,..,..,..,..,..,..,..,..,..,..,..,..,8.15635518577569,..,..,..,..,..,..,..,..,..,9.80371182063316
Diabetes prevalence (% of population ages 20 to 79),SH.STA.DIAB.ZS,"Yemen, Rep.",YEM,..,..,..,..,..,..,..,..,..,..,..,..,..,..,..,..,..,..,..,..,..,..,..,..,..,..,..,..,..,..,..,..,..,..,..,..,..,..,..,..,..,..,..,..,..,..,..,..,..,..,..,9.6,..,..,..,..,..,..,..,..,..,5.4
Diabetes prevalence (% of population ages 20 to 79),SH.STA.DIAB.ZS,Zambia,ZMB,..,..,..,..,..,..,..,..,..,..,..,..,..,..,..,..,..,..,..,..,..,..,..,..,..,..,..,..,..,..,..,..,..,..,..,..,..,..,..,..,..,..,..,..,..,..,..,..,..,..,..,4.8,..,..,..,..,..,..,..,..,..,11.9
Diabetes prevalence (% of population ages 20 to 79),SH.STA.DIAB.ZS,Zimbabwe,ZWE,..,..,..,..,..,..,..,..,..,..,..,..,..,..,..,..,..,..,..,..,..,..,..,..,..,..,..,..,..,..,..,..,..,..,..,..,..,..,..,..,..,..,..,..,..,..,..,..,..,..,..,9.8,..,..,..,..,..,..,..,..,..,2.1
,,,,,,,,,,,,,,,,,,,,,,,,,,,,,,,,,,,,,,,,,,,,,,,,,,,,,,,,,,,,,,,,,
,,,,,,,,,,,,,,,,,,,,,,,,,,,,,,,,,,,,,,,,,,,,,,,,,,,,,,,,,,,,,,,,,
,,,,,,,,,,,,,,,,,,,,,,,,,,,,,,,,,,,,,,,,,,,,,,,,,,,,,,,,,,,,,,,,,
Data from database: Health Nutrition and Population Statistics,,,,,,,,,,,,,,,,,,,,,,,,,,,,,,,,,,,,,,,,,,,,,,,,,,,,,,,,,,,,,,,,,
Last Updated: 04/27/2022,,,,,,,,,,,,,,,,,,,,,,,,,,,,,,,,,,,,,,,,,,,,,,,,,,,,,,,,,,,,,,,,,
